From	To
A0A024R161	DNAJC25-GNG10
A0A024R4E5	HDLBP
A0A024RA52	PSMA2
A0A075B6F9	NOSIP
A0A075B6K9	IGLC2
A0A075B6N7	IGHA2
A0A075B6N8	IGHG3
A0A075B6S2	IGKV2D-29
A0A075B6S5	IGKV1-27
A0A075B738	PECAM1
A0A075B7D0	IGHV1OR15-1
A0A075B7D9	TAF15
A0A087WT20	DCAF13
A0A087WT44	HMOX2
A0A087WT59	TTR
A0A087WTJ2	GIMAP1-GIMAP5
A0A087WTT2	TMEM230
A0A087WU03	HNRNPDL
A0A087WU53	MAGT1
A0A087WUB9	CTNNBL1
A0A087WUM3	NDUFC2-KCTD14
A0A087WUT6	EIF5B
A0A087WUX1	ENKUR
A0A087WVQ6	CLTC
A0A087WVZ0	MPC1
A0A087WW23	ALOX5AP
A0A087WW66	PSMD1
A0A087WW89	IGHV3-72
A0A087WWM0	TRAPPC3
A0A087WWU8	TPM3
A0A087WX97	BCL2L13
A0A087WXB8	ST3GAL6
A0A087WXL6	VPS11
A0A087WXT3	ZNF33B
A0A087WY31	YTHDF3
A0A087WY68	PCSK6
A0A087WY85	UBE2D3
A0A087WYR3	TPD52L2
A0A087WZE9	HMGN3
A0A087WZM2	RNASET2
A0A087WZN1	IDH3B
A0A087WZT3	BOLA2-SMG1P6
A0A087WZV0	PPIP5K2
A0A087X0R6	SNX12
A0A087X0V5	OAS2
A0A087X1N8	SERPINB6
A0A087X1R1	SMTN
A0A087X1S7	CD48
A0A087X1U0	TPSB2
A0A087X1U6	EPPK1
A0A087X1Z3	PSME2
A0A087X279	IFIT2
A0A087X2D5	MRPL45
A0A087X2H1	HECTD1
A0A087X2I1	PSMC6
A0A087X2I5	LSM7
A0A088AWN2	WDR20
A0A096LP25	AAK1
A0A096LP69	CD99
A0A096LPC5	WASHC2C
A0A096LPE2	SAA2-SAA4
A0A0A0MQR2	RTF2
A0A0A0MQS9	LAMA4
A0A0A0MQU4	SCLY
A0A0A0MQX8	MBNL1
A0A0A0MR66	RBM10
A0A0A0MRI2	SNX6
A0A0A0MRJ7	F5
A0A0A0MRK6	MTX1
A0A0A0MRM9	NOLC1
A0A0A0MRR7	SNRPC
A0A0A0MRZ8	IGKV3D-11
A0A0A0MS08	IGHG1
A0A0A0MS09	IGHD
A0A0A0MSE2	HADH
A0A0A0MSI8	EXOC5
A0A0A0MSS8	AKR1C3
A0A0A0MSV9	TAPBP
A0A0A0MT11	CAMK2G
A0A0A0MT22	PTPRC
A0A0A0MT35	PRXL2B
A0A0A0MT64	FDXR
A0A0A0MT83	IVD
A0A0A0MTH3	ILK
A0A0A0MTJ9	NCEH1
A0A0A0MTN0	CUL2
A0A0A0MTR7	RNF213
A0A0A6YY92	ADSL
A0A0A6YY96	IREB2
A0A0A6YYH1	C15orf38-AP3S2
A0A0A6YYJ8	LUC7L2
A0A0A6YYL2	SULT1A4
A0A0A6YYL4	PAM16
A0A0A6YYL6	RPL17-C18orf32
A0A0B4J1R7	BORCS7-ASMT
A0A0B4J1S4	SELENOF
A0A0B4J1V8	PPAN-P2RY11
A0A0B4J1W0	MED24
A0A0B4J1Y8	IGLV9-49
A0A0B4J220	C11orf98
A0A0B4J231	IGLL5
A0A0B4J2C3	TPT1
A0A0C4DFM2	ZNF574
A0A0C4DFN1	MFN1
A0A0C4DFN3	MGLL
A0A0C4DFX3	EMILIN1
A0A0C4DFX9	NELFA
A0A0C4DFZ2	ARSA
A0A0C4DG17	RPSA
A0A0C4DG89	DDX46
A0A0C4DGB5	CAST
A0A0C4DGG9	CHD4
A0A0C4DGQ5	CAPNS1
A0A0C4DH31	IGHV1-18
A0A0C4DH34	IGHV4-28
A0A0C4DH38	IGHV5-51
A0A0C4DH55	IGKV3D-7
A0A0C4DH72	IGKV1-6
A0A0D9SEI0	MTRES1
A0A0D9SEY1	MAP4K4
A0A0D9SF53	DDX3X
A0A0D9SFE4	DNM1
A0A0D9SFG6	CYTH2
A0A0D9SG79	UBAP1
A0A0D9SGE8	PHF6
A0A0D9SGF6	SPTAN1
A0A0G2JH66	HLA-F
A0A0G2JHC2	PPP1R18
A0A0G2JIF2	HLA-A
A0A0G2JIW1	HSPA1B
A0A0G2JJD3	ABHD16A
A0A0G2JJP1	TRIM15
A0A0G2JK05	LY6G6F-LY6G6D
A0A0G2JK23	BAG6
A0A0G2JL52	VARS2
A0A0G2JLU6	FCAR
A0A0G2JLU7	KIR3DL2
A0A0G2JLV7	LAIR1
A0A0G2JMD5	PRAMEF33
A0A0G2JMH6	HLA-DRA
A0A0G2JNW7	SLC12A7
A0A0G2JNY3	ARHGAP27
A0A0G2JPH5	LILRB2
A0A0G2JPP5	SCRIB
A0A0G2JPR0	C4A
A0A0G2JS53	NAIP
A0A0J9YVY3	IGHV7-4-1
A0A0J9YX62	DNAJB6
A0A0J9YXJ0	CELF2
A0A0J9YXX1	IGHV5-10-1
A0A0J9YY34	NHSL2
A0A0U1RQK7	EIF4G3
A0A0U1RQQ9	SCYL2
A0A0U1RQV1	ERVK3-1
A0A0U1RRE5	NBDY
A0A0U1RRK1	MICU1
A0A0X1KG71	NELFB
A0A140T913	HLA-A
A0A140T9L8	MPIG6B
A0A140T9M0	HLA-C
A0A140T9S8	HLA-DQB1
A0A140T9T7	TAP1
A0A140T9U8	HLA-C
A0A140TA33	TNXB
A0A140TA86	MICOS13
A0A182DWE9	HLA-DPB1
A0A182DWH4	HLA-DRB3
A0A1B0GTW1	TJP2
A0A1B0GU45	IRAG2
A0A1B0GUA8	KIF13A
A0A1B0GUI1	RALGAPA1
A0A1B0GUS7	UNC13B
A0A1B0GUZ7	EFR3A
A0A1B0GV05	RAP1GAP2
A0A1B0GVF3	CPT2
A0A1B0GVG4	CCDC194
A0A1B0GVH5	FTO
A0A1B0GW23	ABHD14A-ACY1
A0A1B0GW72	PLEKHG4B
A0A1B0GW77	ALDH7A1
A0A1B0GWK2	KAZN
A0A1C7CYX0	EXOC3L2
A0A1C7CYX1	MIDEAS
A0A1C7CYX9	DPYSL2
A0A1C7CYZ0	ABR
A0A5E8	GAS2L1
A0AVT1	UBA6
A0MZ66	SHTN1
A1A4S6	ARHGAP10
A1KXE4	FAM168B
A1L0T0	ILVBL
A2A274	ACO2
A2RRP1	NBAS
A2RTX5	TARS3
A2RUF3	SRGAP2
A3KMH1	VWA8
A4D1B5	GSAP
A4D1P6	WDR91
A4D2H0	CTAGE15
A5PLL1	ANKRD34B
A5PLN9	TRAPPC13
A5YKK6	CNOT1
A6NC48	BST1
A6NC98	CCDC88B
A6NDG6	PGP
A6NEE1	PLEKHD1
A6NEM2	HCFC1
A6NFX8	NUDT5
A6NHR9	SMCHD1
A6NI72	NCF1B
A6NIW2	DOCK11
A6NJW9	CD8B2
A6NKG5	RTL1
A6NKL6	TMEM200C
A6NMN0	PHKA1
A6NND1	RPS6KA1
A7E2V4	ZSWIM8
A8K070	GPS1
A8K727	PLEKHA2
A8MU27	SUMO3
A8MUM1	EIPR1
A8MW92	PHF20L1
A8MWD9	SNRPGP15
A8MWY0	ELAPOR2
A8MXB7	SNX24
A8MXP9	MATR3
A8MYJ1	AKAP13
A9Z1X7	SRRM1
B0I1T2	MYO1G
B0QY89	EIF3L
B0QY95	MIEF1
B0QYN7	UBE2I
B0QZ18	CPNE1
B0QZ40	COMMD6
B0UXQ0	HLA-A
B0YIW2	APOC3
B0YIW6	ARCN1
B1AHD1	SNU13
B1AK88	CAPZB
B1AKR6	DYNLRB1
B1ALK7	ARHGEF7
B1ALM5	TMEM9
B1ANH3	GUK1
B2RUZ4	SMIM1
B3KS98	EIF3H
B3KY94	CDIPT
B4DDD6	DBNL
B4DJL6	INTS14
B4DL54	CHURC1-FNTB
B4DLJ1	USF2
B4DPQ0	C1R
B4DR61	SEC61A1
B4DTS2	PRKD2
B4DUC8	MTAP
B4DUT8	CNN2
B4E0T2	PEX5
B4E0Y9	STK26
B4E2Q0	ATP2C1
B4E3H9	GNLY
B5MBZ0	EML4
B5MD23	TSPAN9
B5ME19	EIF3CL
B7WNT5	TCF7
B7WPE2	EML3
B7WPL0	RIC8B
B7Z2R2	UQCRB
B7Z4C8	RPL31
B7Z645	SYNCRIP
B7Z7N5	RGS6
B7ZC38	SH3GLB2
B7ZKJ8	ITIH4
B8ZZ87	MZT2B
B8ZZN6	SUMO1
B8ZZS0	BET1L
C9IZQ1	SSR1
C9J1E1	BLVRA
C9J2C0	TUBA8
C9J542	PDLIM4
C9J5N1	PTGES3L-AARSD1
C9J6P4	ZC3HAV1
C9J7E5	TNPO3
C9JA08	NMD3
C9JC87	AP4M1
C9JCC6	DRAP1
C9JEH3	AAMP
C9JEJ2	PCYT1A
C9JF17	APOD
C9JFV4	PELP1
C9JFX4	SIGIRR
C9JIF9	APEH
C9JJ19	MRPS34
C9JJN9	VPS8
C9JRL6	EML2
C9JSZ1	FUBP1
C9JU00	FGG
C9JYS5	TVP23C
C9JZG2	GART
C9K0R9	IMPDH1
D3DQV9	EIF4G2
D3DSM0	ITGB2
D3DTX6	PPP1R9B
D3DX19	CLDN5
D3YTA9	PPP3R1
D3YTI2	ACP1
D6R9M0	KIF2A
D6RAM3	DOK3
D6RAN1	PDLIM7
D6RAR4	HGFAC
D6RBQ9	HNRNPD
D6RBT3	NDUFS6
D6RBW1	EIF4E
D6RBZ0	HNRNPAB
D6RCK9	TSC22D3
D6RE79	MFSD10
D6RER5	SEPTIN11
D6REX3	SEC31A
D6RF35	GC
D6RFF8	GNPDA1
D6RFG8	DCK
D6W5Y5	CIRBP
E5KLJ5	OPA1
E5KNQ5	TK2
E5RFR7	TPD52
E5RHZ3	CARD8
E5RIM7	ATOX1
E5RJD8	TBCA
E5RJR5	SKP1
E5RK69	ANXA6
E7EMB3	CALM2
E7EMK3	FLOT2
E7EP72	C19orf25
E7EPK1	SEPTIN7
E7EPT4	NDUFV2
E7EQ64	PRSS1
E7EQN9	INPP4B
E7EQR8	YIPF3
E7EQT4	ACIN1
E7EQY1	FAM136A
E7ERK9	EIF2B4
E7ERS3	ZC3H18
E7ES52	CDKN1B
E7ESA6	PTK2
E7ESC6	XPO7
E7ESP4	ITGA2
E7ESZ7	NDUFA10
E7ETB3	DNPEP
E7ETH0	CFI
E7ETU7	MRPL3
E7ETY2	TCOF1
E7EUC7	UGP2
E7EUU4	EIF4G1
E7EVA0	MAP4
E7EVC7	ATG16L1
E7EW49	CLASP2
E7EWN3	SETD5
E7EWW0	VPS35L
E7EX17	EIF4B
E7EX18	MPV17
E7EX59	PCCB
E9PAV3	NACA
E9PB61	ALYREF
E9PCN2	GUCY1B1
E9PCR7	OGDH
E9PEB5	FUBP1
E9PEW8	HBD
E9PF32	DENND3
E9PF49	NDUFB9
E9PF82	CAMK2D
E9PFW3	AP2M1
E9PGC8	MAP1A
E9PGZ1	CALD1
E9PI41	EXOSC4
E9PI68	SPCS2
E9PJ55	TCP11L1
E9PJL9	NDUFV1
E9PK25	CFL1
E9PK54	HSPA8
E9PK94	DGKZ
E9PKP7	UBTF
E9PKQ5	CCDC90B
E9PKU7	GANAB
E9PL57	NEDD8-MDP1
E9PLM6	MDK
E9PN81	RNASEH2C
E9PNI7	PARP10
E9PQT8	PHF1
E9PQY2	PFDN4
E9PR30	FAU
E9PR47	AAMDC
E9PRT6	PNLIPRP1
E9PRY8	EEF1D
E9PSG1	CAST
F5GX28	KDM4B
F5GXA0	SUMF1
F5GXJ1	NDUFS7
F5GYJ8	OTUB1
F5GYQ1	ATP6V0D1
F5GZB4	LOXHD1
F5GZG1	RAP1B
F5H0R1	TUT1
F5H211	ATXN3
F5H269	DMXL1
F5H2B5	PLD4
F5H5D3	TUBA1C
F5H5X6	NOP2
F5H8L0	RABGAP1L
F6R8P8	SGIP1
F6S8M0	GNS
F6TER3	LILRB1
F6VRR5	POLDIP3
F6WQW2	RANBP1
F6XZQ7	GSTM2
F8VQD4	C12orf75
F8VS19	ZNF844
F8VVA7	COPZ1
F8VVT9	AGAP2
F8VWL3	FGD4
F8VXC8	SMARCC2
F8VXU5	VPS29
F8VYN9	ARL1
F8VZN8	PPP1R12A
F8W0Q9	PPHLN1
F8W0W8	PPP1CC
F8W1A0	PPP1CC
F8W6A0	PPHLN1
F8W6G1	NRBP1
F8W719	ITSN2
F8W727	RPL32
F8W7C6	RPL10
F8W8Z9	TOMM5
F8W930	IGF2BP2
F8WA39	MTMR1
F8WAL6	ABI2
F8WAR4	CHCHD3
F8WCF6	ARPC4-TTLL3
F8WD59	RPSA
F8WD64	STUM
F8WE98	FLNA
F8WF69	CLTA
G0XQ39	STIM1
G1AUC5	PPP1R2B
G3V0E4	PMPCB
G3V180	DPP3
G3V1A6	GSDMD
G3V1V0	MYL6
G3V2N0	GNG2
G3V2S9	SLIRP
G3V2U7	ACYP1
G3V325	ATP5MF-PTCD1
G3V3A4	SNW1
G3V3D1	NPC2
G3V483	G2E3
G3V4C1	HNRNPC
G3V4P8	GMFB
G3V4T6	GSTZ1
G3V4X1	PSMC1
G3V5Z7	PSMA6
G3XA98	FBLN5
G3XAH0	SEPTIN5
G3XAI2	LAMB1
G3XAK1	MST1
G3XAN8	TIMM8B
G5E933	SBF1
G5E975	SMARCB1
G5E9D4	ELP4
G5E9T8	GOSR1
G5E9W9	GIMAP4
G5EA30	CELF1
G8JLB6	HNRNPH1
G8JLD5	DNM1L
G8JLH6	CD9
H0UI06	COX7A2
H0UI80	NELFCD
H0Y2M6	CLCN7
H0Y2S9	MPRIP
H0Y2W2	ATAD3A
H0Y300	HP
H0Y368	DPM1
H0Y3Z3	P4HB
H0Y449	YBX1
H0Y4R2	POR
H0Y5F3	FLNA
H0Y5F5	PABPC4
H0Y5K5	ERGIC3
H0Y886	NDUFB5
H0Y8C2	RPL22L1
H0Y8C3	MTCH1
H0Y8C4	PPP2R5D
H0Y8C6	IPO5
H0Y8P4	UTP15
H0Y8X4	DNPH1
H0Y9X1	TMA16
H0YA96	HNRNPD
H0YB09	DGLUCY
H0YBZ2	CD74
H0YF29	C8orf82
H0YFI5	CRACR2A
H0YI09	TMT1A
H0YIS7	RNASEK-C17orf49
H0YJE6	SPTB
H0YJH7	TMPO
H0YK18	AKAP13
H0YK48	TPM1
H0YKY3	PSTPIP1
H0YL70	TLE3
H0YM31	PCK2
H0YMH5	EMC4
H0YMV8	RPS27L
H0YN33	CINP
H0YNJ6	GMPR2
H3BLT9	NLRC3
H3BLU2	LSAMP
H3BLZ8	DDX17
H3BM74	NUB1
H3BM91	COMMD4
H3BMD8	ARPP19
H3BMV3	JPT2
H3BN02	ITGAX
H3BND4	PDXDC1
H3BNQ7	ABAT
H3BNX8	COX5A
H3BP20	HEXA
H3BPE7	FUS
H3BQK0	DDX19B
H3BQK9	MACF1
H3BS72	HACD3
H3BSH7	UTP4
H3BSW6	CTU2
H3BTU6	CORO1A
H3BU86	STX16-NPEPL1
H3BUB6	SCAMP2
H3BVG0	NUP93
H7BXF5	SAP130
H7BXI1	ESYT2
H7BYX6	NCAM1
H7BYY1	TPM1
H7BZ14	PPIL3
H7BZJ3	PDIA3
H7BZT1	SF1
H7C0L5	ITIH4
H7C0S5	SLC35F5
H7C1E4	AP1S1
H7C1M2	SON
H7C1N3	BET1
H7C2H7	LTBP1
H7C2I1	PRMT1
H7C2N1	PTMA
H7C426	RNF181
H7C4C5	MAP4
H7C561	SF1
H9KV75	ACTN1
I1E4Y6	GIGYF2
I3L0A0	PEDS1-UBE2V1
I3L0L0	RUNX2
I3L1Q2	BCL7C
I3L1Y9	FLYWCH2
I3L3H0	PCTP
I3L3Q4	GLOD4
I3L4A1	CHMP6
I3L4N8	ACTG1
I3L504	EIF5A
J3KMX3	AFP
J3KMZ8	DPF2
J3KN16	ECPAS
J3KN67	TPM3
J3KNB4	CAMP
J3KNF5	CEP290
J3KNI1	COG4
J3KNL2	SEPTIN1
J3KNL6	SEC16A
J3KNR0	MARK3
J3KNS1	AGTPBP1
J3KPA1	CRISP3
J3KPD6	HCK
J3KPF0	HECTD4
J3KPH8	HDAC7
J3KPM9	STAT1
J3KPP4	LUC7L3
J3KPS3	ALDOA
J3KQ18	DDT
J3KQ32	OLA1
J3KQ41	COPS7B
J3KQ48	PTRH2
J3KQ66	RELN
J3KQE5	RAN
J3KQJ1	SUMF2
J3KQL8	APOL2
J3KQN4	RPL36A
J3KQR4	ZNF418
J3KQY1	MRPL22
J3KR35	CCDC12
J3KR55	PTPN7
J3KR97	TBCD
J3KS52	CD300LF
J3KS54	FLII
J3KSW8	MPRIP
J3KTA1	FBXL20
J3KTA4	DDX5
J3KTD8	CBFB
J3KTI2	MIEN1
J3KTL2	SRSF1
J3QL06	HYOU1
J3QL71	SCRN2
J3QLJ5	MIF4GD
J3QQ67	RPL18
J3QQX2	ARHGDIA
J3QR44	CDK11B
J3QR77	CD226
J3QRB6	MAP3K3
J3QRS3	MYL12A
J3QRU1	YES1
J3QSW6	KALRN
J3QTA2	BAG1
J9JIE6	TMCO1
K7EIK7	EML2
K7EJ20	GPX4
K7EK60	FMNL1
K7ELC2	RPS15
K7ELC7	RPL27
K7ELG9	LSM12
K7ELL7	PRKCSH
K7ELP0	TPM4
K7EM18	EIF1
K7ENT6	TPM4
K7EQ37	UNC13D
K7ER00	FARSA
K7ER74	APOC4-APOC2
K7ER90	EIF3G
K7ERG9	CFD
L0R6Q1	SLC35A4
M0QWZ7	SARS2
M0QXB4	COPE
M0QXB5	ETHE1
M0QXF9	BCAT2
M0QXZ6	GMFG
M0QY77	KXD1
M0QYM7	TUBB4A
M0QYS1	RPL13A
M0QYZ2	AP2S1
M0QZR4	ARHGEF1
M0R0P8	MYO9B
M0R0Q9	C3
M0R0R2	RPS5
M0R1J3	LOC400499
M0R2A0	EMC10
M0R2Z9	SUGP2
M1EA21	DAPL1
O00115	DNASE2
O00116	AGPS
O00139	KIF2A
O00148	DDX39A
O00151	PDLIM1
O00154	ACOT7
O00159	MYO1C
O00160	MYO1F
O00161	SNAP23
O00170	AIP
O00178	GTPBP1
O00182	LGALS9
O00186	STXBP3
O00193	SMAP
O00194	RAB27B
O00203	AP3B1
O00214	LGALS8
O00217	NDUFS8
O00231	PSMD11
O00232	PSMD12
O00233	PSMD9
O00264	PGRMC1
O00267	SUPT5H
O00268	TAF4
O00273	DFFA
O00291	HIP1
O00299	CLIC1
O00303	EIF3F
O00329	PIK3CD
O00330	PDHX
O00391	QSOX1
O00399	DCTN6
O00411	POLRMT
O00429	DNM1L
O00442	RTCA
O00461	GOLIM4
O00479	HMGN4
O00481	BTN3A1
O00483	NDUFA4
O00487	PSMD14
O00499	BIN1
O00534	VWA5A
O00541	PES1
O00562	PITPNM1
O00567	NOP56
O00602	FCN1
O00629	KPNA4
O00743	PPP6C
O00754	MAN2B1
O00764	PDXK
O14497	ARID1A
O14523	C2CD2L
O14530	TXNDC9
O14545	TRAFD1
O14548	COX7A2L
O14561	NDUFAB1
O14562	UBFD1
O14602	EIF1AY
O14617	AP3D1
O14618	CCS
O14639	ABLIM1
O14641	DVL2
O14657	TOR1B
O14672	ADAM10
O14686	KMT2D
O14727	APAF1
O14735	CDIPT
O14737	PDCD5
O14744	PRMT5
O14745	NHERF1
O14773	TPP1
O14776	TCERG1
O14787	TNPO2
O14791	APOL1
O14815	CAPN9
O14818	PSMA7
O14828	SCAMP3
O14841	OPLAH
O14867	BACH1
O14874	BCKDK
O14879	IFIT3
O14910	LIN7A
O14920	IKBKB
O14929	HAT1
O14933	UBE2L6
O14949	UQCRQ
O14964	HGS
O14974	PPP1R12A
O14976	GAK
O14979	HNRNPDL
O14980	XPO1
O15031	PLXNB2
O15042	U2SURP
O15050	TRANK1
O15067	PFAS
O15111	CHUK
O15117	FYB1
O15118	NPC1
O15126	SCAMP1
O15127	SCAMP2
O15143	ARPC1B
O15144	ARPC2
O15145	ARPC3
O15151	MDM4
O15173	PGRMC2
O15194	CTDSPL
O15211	RGL2
O15212	PFDN6
O15228	GNPAT
O15230	LAMA5
O15231	ZNF185
O15260	SURF4
O15264	MAPK13
O15269	SPTLC1
O15270	SPTLC2
O15294	OGT
O15305	PMM2
O15347	HMGB3
O15355	PPM1G
O15357	INPPL1
O15371	EIF3D
O15381	NVL
O15400	STX7
O15427	SLC16A3
O15498	YKT6
O15511	ARPC5
O15514	POLR2D
O15523	DDX3Y
O15530	PDPK1
O15541	RNF113A
O15553	MEFV
O43143	DHX15
O43147	SGSM2
O43148	RNMT
O43149	ZZEF1
O43150	ASAP2
O43159	RRP8
O43166	SIPA1L1
O43167	ZBTB24
O43172	PRPF4
O43174	CYP26A1
O43175	PHGDH
O43181	NDUFS4
O43182	ARHGAP6
O43189	PHF1
O43237	DYNC1LI2
O43242	PSMD3
O43252	PAPSS1
O43290	SART1
O43294	TGFB1I1
O43299	AP5Z1
O43304	SEC14L5
O43306	ADCY6
O43312	MTSS1
O43318	MAP3K7
O43324	EEF1E1
O43353	RIPK2
O43390	HNRNPR
O43395	PRPF3
O43396	TXNL1
O43402	EMC8
O43427	FIBP
O43447	PPIH
O43464	HTRA2
O43488	AKR7A2
O43491	EPB41L2
O43493	TGOLN2
O43504	LAMTOR5
O43516	WIPF1
O43561	LAT
O43566	RGS14
O43583	DENR
O43586	PSTPIP1
O43592	XPOT
O43598	DNPH1
O43615	TIMM44
O43633	CHMP2A
O43639	NCK2
O43660	PLRG1
O43665	RGS10
O43676	NDUFB3
O43678	NDUFA2
O43681	GET3
O43684	BUB3
O43707	ACTN4
O43715	TRIAP1
O43719	HTATSF1
O43747	AP1G1
O43752	STX6
O43759	SYNGR1
O43760	SYNGR2
O43765	SGTA
O43768	ENSA
O43772	SLC25A20
O43776	NARS1
O43809	NUDT21
O43813	LANCL1
O43815	STRN
O43818	RRP9
O43819	SCO2
O43823	AKAP8
O43852	CALU
O43865	AHCYL1
O43866	CD5L
O43914	TYROBP
O43920	NDUFS5
O43929	ORC4
O60216	RAD21
O60220	TIMM8A
O60231	DHX16
O60232	ZNRD2
O60234	GMFG
O60256	PRPSAP2
O60262	GNG7
O60264	SMARCA5
O60268	KIAA0513
O60271	SPAG9
O60303	KATNIP
O60307	MAST3
O60318	MCM3AP
O60331	PIP5K1C
O60333	KIF1B
O60341	KDM1A
O60346	PHLPP1
O60361	NME2P1
O60488	ACSL4
O60493	SNX3
O60496	DOK2
O60500	NPHS1
O60502	OGA
O60506	SYNCRIP
O60508	CDC40
O60547	GMDS
O60551	NMT2
O60568	PLOD3
O60573	EIF4E2
O60603	TLR2
O60645	EXOC3
O60664	PLIN3
O60669	SLC16A7
O60674	JAK2
O60678	PRMT3
O60684	KPNA6
O60704	TPST2
O60711	LPXN
O60749	SNX2
O60763	USO1
O60784	TOM1
O60814	H2BC12
O60826	CCDC22
O60828	PQBP1
O60831	PRAF2
O60832	DKC1
O60861	GAS7
O60869	EDF1
O60884	DNAJA2
O60885	BRD4
O60888	CUTA
O60890	OPHN1
O60907	TBL1X
O60925	PFDN1
O75064	DENND4B
O75069	TMCC2
O75083	WDR1
O75113	N4BP1
O75116	ROCK2
O75131	CPNE3
O75140	DEPDC5
O75146	HIP1R
O75150	RNF40
O75152	ZC3H11A
O75154	RAB11FIP3
O75165	DNAJC13
O75167	PHACTR2
O75170	PPP6R2
O75175	CNOT3
O75179	ANKRD17
O75208	COQ9
O75223	GGCT
O75298	RTN2
O75306	NDUFS2
O75312	ZPR1
O75323	NIPSNAP2
O75340	PDCD6
O75348	ATP6V1G1
O75351	VPS4B
O75362	ZNF217
O75367	MACROH2A1
O75368	SH3BGRL
O75369	FLNB
O75376	NCOR1
O75390	CS
O75391	SPAG7
O75396	SEC22B
O75400	PRPF40A
O75410	TACC1
O75420	GIGYF1
O75427	LRCH4
O75436	VPS26A
O75438	NDUFB1
O75449	KATNA1
O75475	PSIP1
O75477	ERLIN1
O75489	NDUFS3
O75494	SRSF10
O75506	HSBP1
O75521	ECI2
O75528	TADA3
O75530	EED
O75531	BANF1
O75533	SF3B1
O75534	CSDE1
O75558	STX11
O75563	SKAP2
O75569	PRKRA
O75592	MYCBP2
O75608	LYPLA1
O75643	SNRNP200
O75663	TIPRL
O75665	OFD1
O75676	RPS6KA4
O75688	PPM1B
O75694	NUP155
O75695	RP2
O75718	CRTAP
O75746	SLC25A12
O75791	GRAP2
O75792	RNASEH2A
O75821	EIF3G
O75822	EIF3J
O75828	CBR3
O75832	PSMD10
O75843	AP1G2
O75844	ZMPSTE24
O75874	IDH1
O75880	SCO1
O75884	RBBP9
O75886	STAM2
O75909	CCNK
O75915	ARL6IP5
O75935	DCTN3
O75937	DNAJC8
O75940	SMNDC1
O75947	ATP5PD
O75955	FLOT1
O75956	CDK2AP2
O75964	ATP5MG
O75995	SASH3
O76003	GLRX3
O76021	RSL1D1
O76031	CLPX
O76071	CIAO1
O76074	PDE5A
O76081	RGS20
O76094	SRP72
O76095	JTB
O76096	CST7
O94763	URI1
O94766	B3GAT3
O94768	STK17B
O94776	MTA2
O94804	STK10
O94826	TOMM70
O94829	IPO13
O94830	DDHD2
O94832	MYO1D
O94855	SEC24D
O94874	UFL1
O94886	TMEM63A
O94903	PLPBP
O94905	ERLIN2
O94906	PRPF6
O94915	FRYL
O94919	ENDOD1
O94925	GLS
O94929	ABLIM3
O94973	AP2A2
O94992	HEXIM1
O95081	AGFG2
O95104	SCAF4
O95139	NDUFB6
O95140	MFN2
O95155	UBE4B
O95163	ELP1
O95168	NDUFB4
O95169	NDUFB8
O95178	NDUFB2
O95182	NDUFA7
O95183	VAMP5
O95197	RTN3
O95202	LETM1
O95218	ZRANB2
O95232	LUC7L3
O95236	APOL3
O95243	MBD4
O95251	KAT7
O95260	ATE1
O95273	CCNDBP1
O95292	VAPB
O95295	SNAPIN
O95298	NDUFC2
O95336	PGLS
O95347	SMC2
O95352	ATG7
O95372	LYPLA2
O95373	IPO7
O95379	TNFAIP8
O95425	SVIL
O95429	BAG4
O95433	AHSA1
O95445	APOM
O95456	PSMG1
O95466	FMNL1
O95470	SGPL1
O95486	SEC24A
O95487	SEC24B
O95497	VNN1
O95498	VNN2
O95544	NADK
O95551	TDP2
O95563	MPC2
O95568	METTL18
O95573	ACSL3
O95630	STAMBP
O95671	ASMTL
O95674	CDS2
O95684	CEP43
O95685	PPP1R3D
O95696	BRD1
O95714	HERC2
O95716	RAB3D
O95721	SNAP29
O95747	OXSR1
O95749	GGPS1
O95758	PTBP3
O95777	LSM8
O95782	AP2A1
O95786	RIGI
O95810	CAVIN2
O95822	MLYCD
O95825	CRYZL1
O95831	AIFM1
O95833	CLIC3
O95834	EML2
O95858	TSPAN15
O95861	BPNT1
O95865	DDAH2
O95866	MPIG6B
O95876	WDPCP
O95881	TXNDC12
O95980	RECK
O95985	TOP3B
O95989	NUDT3
O95996	APC2
O95999	BCL10
O96000	NDUFB10
O96005	CLPTM1
O96008	TOMM40
O96011	PEX11B
O96013	PAK4
O96018	APBA3
O96019	ACTL6A
O96033	MOCS2
P00338	LDHA
P00352	ALDH1A1
P00367	GLUD1
P00387	CYB5R3
P00390	GSR
P00403	MT-CO2
P00441	SOD1
P00450	CP
P00488	F13A1
P00491	PNP
P00492	HPRT1
P00505	GOT2
P00519	ABL1
P00558	PGK1
P00734	F2
P00740	F9
P00747	PLG
P00748	F12
P00813	ADA
P00915	CA1
P00918	CA2
P01008	SERPINC1
P01009	SERPINA1
P01011	SERPINA3
P01019	AGT
P01023	A2M
P01024	C3
P01031	C5
P01033	TIMP1
P01034	CST3
P01040	CSTA
P01042	KNG1
P01112	HRAS
P01116	KRAS
P01127	PDGFB
P01133	EGF
P01137	TGFB1
P01344	IGF2
P01591	JCHAIN
P01602	IGKV1-5
P01614	IGKV2D-40
P01619	IGKV3-20
P01700	IGLV1-47
P01706	IGLV2-11
P01714	IGLV3-19
P01718	IGLV3-27
P01732	CD8A
P01742	IGHV1-69
P01780	IGHV3-7
P01834	IGKC
P01859	IGHG2
P01861	IGHG4
P01876	IGHA1
P01911	HLA-DRB1
P02042	HBD
P02452	COL1A1
P02461	COL3A1
P02545	LMNA
P02549	SPTA1
P02647	APOA1
P02649	APOE
P02654	APOC1
P02671	FGA
P02675	FGB
P02679	FGG
P02686	MBP
P02730	SLC4A1
P02743	APCS
P02745	C1QA
P02746	C1QB
P02747	C1QC
P02748	C9
P02749	APOH
P02750	LRG1
P02751	FN1
P02753	RBP4
P02760	AMBP
P02763	ORM1
P02765	AHSG
P02768	ALB
P02775	PPBP
P02776	PF4
P02786	TFRC
P02787	TF
P02788	LTF
P02790	HPX
P02792	FTL
P02794	FTH1
P02795	MT2A
P03928	MT-ATP8
P03951	F11
P04003	C4BPA
P04004	VTN
P04040	CAT
P04053	DNTT
P04066	FUCA1
P04075	ALDOA
P04080	CSTB
P04083	ANXA1
P04085	PDGFA
P04114	APOB
P04156	PRNP
P04180	LCAT
P04196	HRG
P04217	A1BG
P04220	IGHM
P04233	CD74
P04234	CD3D
P04264	KRT1
P04275	VWF
P04406	GAPDH
P04424	ASL
P04440	HLA-DPB1
P04732	MT1E
P04792	HSPB1
P04839	CYBB
P04843	RPN1
P04844	RPN2
P04899	GNAI2
P04920	SLC4A2
P04921	GYPC
P05023	ATP1A1
P05067	APP
P05089	ARG1
P05091	ALDH2
P05106	ITGB3
P05107	ITGB2
P05109	S100A8
P05114	HMGN1
P05120	SERPINB2
P05121	SERPINE1
P05141	SLC25A5
P05154	SERPINA5
P05155	SERPING1
P05161	ISG15
P05164	MPO
P05165	PCCA
P05198	EIF2S1
P05204	HMGN2
P05386	RPLP1
P05387	RPLP2
P05388	RPLP0
P05413	FABP3
P05452	CLEC3B
P05455	SSB
P05543	SERPINA7
P05546	SERPIND1
P05556	ITGB1
P05771	PRKCB
P06127	CD5
P06132	UROD
P06241	FYN
P06312	IGKV4-1
P06396	GSN
P06400	RB1
P06576	ATP5F1B
P06681	C2
P06702	S100A9
P06703	S100A6
P06727	APOA4
P06729	CD2
P06733	ENO1
P06737	PYGL
P06746	POLB
P06748	NPM1
P06753	TPM3
P06756	ITGAV
P06858	LPL
P07093	SERPINE2
P07195	LDHB
P07199	CENPB
P07203	GPX1
P07205	PGK2
P07225	PROS1
P07237	P4HB
P07305	H1-0
P07332	FES
P07339	CTSD
P07355	ANXA2
P07357	C8A
P07359	GP1BA
P07360	C8G
P07384	CAPN1
P07437	TUBB
P07451	CA3
P07686	HEXB
P07737	PFN1
P07738	BPGM
P07741	APRT
P07766	CD3E
P07814	EPRS1
P07858	CTSB
P07900	HSP90AA1
P07902	GALT
P07910	HNRNPC
P07919	UQCRH
P07948	LYN
P07954	FH
P07992	ERCC1
P07996	THBS1
P08047	SP1
P08133	ANXA6
P08183	ABCB1
P08236	GUSB
P08237	PFKM
P08238	HSP90AB1
P08240	SRPRA
P08246	ELANE
P08254	MMP3
P08311	CTSG
P08397	HMBS
P08514	ITGA2B
P08519	LPA
P08559	PDHA1
P08567	PLEK
P08571	CD14
P08574	CYC1
P08579	SNRPB2
P08603	CFH
P08621	SNRNP70
P08648	ITGA5
P08651	NFIC
P08670	VIM
P08697	SERPINF2
P08708	RPS17
P08754	GNAI3
P08758	ANXA5
P08779	KRT16
P08962	CD63
P09012	SNRPA
P09104	ENO2
P09110	ACAA1
P09132	SRP19
P09211	GSTP1
P09327	VIL1
P09382	LGALS1
P09417	QDPR
P09429	HMGB1
P09467	FBP1
P09486	SPARC
P09493	TPM1
P09496	CLTA
P09497	CLTB
P09525	ANXA4
P09543	CNP
P09601	HMOX1
P09622	DLD
P09651	HNRNPA1
P09661	SNRPA1
P09668	CTSH
P09669	COX6C
P09693	CD3G
P09769	FGR
P09871	C1S
P09874	PARP1
P09914	IFIT1
P09917	ALOX5
P09960	LTA4H
P09972	ALDOC
P0C0S5	H2AZ1
P0C7M8	CLEC2L
P0C7P3	SLFN14
P0CG12	DERPC
P0CG22	DHRS4L1
P0CG34	TMSB15A
P10124	SRGN
P10144	GZMB
P10153	RNASE2
P10155	RO60
P10253	GAA
P10301	RRAS
P10316	HLA-A
P10319	HLA-B
P10412	H1-4
P10515	DLAT
P10599	TXN
P10606	COX5B
P10643	C7
P10644	PRKAR1A
P10720	PF4V1
P10746	UROS
P10768	ESD
P10809	HSPD1
P10909	CLU
P11021	HSPA5
P11047	LAMC1
P11049	CD37
P11117	ACP2
P11142	HSPA8
P11166	SLC2A1
P11169	SLC2A3
P11171	EPB41
P11172	UMPS
P11177	PDHB
P11182	DBT
P11215	ITGAM
P11216	PYGB
P11233	RALA
P11234	RALB
P11274	BCR
P11277	SPTB
P11279	LAMP1
P11387	TOP1
P11413	G6PD
P11586	MTHFD1
P11717	IGF2R
P11766	ADH5
P11908	PRPS2
P11940	PABPC1
P12004	PCNA
P12081	HARS1
P12109	COL6A1
P12111	COL6A3
P12236	SLC25A6
P12268	IMPDH2
P12270	TPR
P12429	ANXA3
P12544	GZMA
P12724	RNASE3
P12814	ACTN1
P12829	MYL4
P12931	SRC
P12955	PEPD
P12956	XRCC6
P13010	XRCC5
P13073	COX4I1
P13224	GP1BB
P13284	IFI30
P13473	LAMP2
P13489	RNH1
P13498	CYBA
P13501	CCL5
P13598	ICAM2
P13611	VCAN
P13612	ITGA4
P13639	EEF2
P13640	MT1G
P13645	KRT10
P13647	KRT5
P13667	PDIA4
P13671	C6
P13716	ALAD
P13746	HLA-A
P13747	HLA-E
P13761	HLA-DRB1
P13765	HLA-DOB
P13796	LCP1
P13797	PLS3
P13804	ETFA
P13807	GYS1
P13861	PRKAR2A
P13984	GTF2F2
P14174	MIF
P14209	CD99
P14210	HGF
P14222	PRF1
P14316	IRF2
P14317	HCLS1
P14324	FDPS
P14543	NID1
P14550	AKR1A1
P14618	PKM
P14621	ACYP2
P14625	HSP90B1
P14678	SNRPB
P14735	IDE
P14770	GP9
P14780	MMP9
P14854	COX6B1
P14859	POU2F1
P14866	HNRNPL
P14868	DARS1
P14927	UQCRB
P15104	GLUL
P15121	AKR1B1
P15144	ANPEP
P15153	RAC2
P15170	GSPT1
P15291	B4GALT1
P15374	UCHL3
P15498	VAV1
P15529	CD46
P15848	ARSB
P15880	RPS2
P15907	ST6GAL1
P15924	DSP
P15927	RPA2
P15954	COX7C
P16070	CD44
P16104	H2AX
P16109	SELP
P16150	SPN
P16152	CBR1
P16157	ANK1
P16188	HLA-A
P16219	ACADS
P16220	CREB1
P16278	GLB1
P16284	PECAM1
P16298	PPP3CB
P16333	NCK1
P16383	GCFC2
P16401	H1-5
P16402	H1-3
P16403	H1-2
P16452	EPB42
P16455	MGMT
P16591	FER
P16615	ATP2A2
P16671	CD36
P16885	PLCG2
P16930	FAH
P16949	STMN1
P16989	YBX3
P17026	ZNF22
P17029	ZKSCAN1
P17050	NAGA
P17096	HMGA1
P17152	TMEM11
P17174	GOT1
P17252	PRKCA
P17275	JUNB
P17301	ITGA2
P17480	UBTF
P17535	JUND
P17568	NDUFB7
P17612	PRKACA
P17655	CAPN2
P17812	CTPS1
P17813	ENG
P17858	PFKL
P17931	LGALS3
P17936	IGFBP3
P17980	PSMC3
P17987	TCP1
P18031	PTPN1
P18054	ALOX12
P18065	IGFBP2
P18074	ERCC2
P18077	RPL35A
P18084	ITGB5
P18085	ARF4
P18124	RPL7
P18206	VCL
P18433	PTPRA
P18440	NAT1
P18463	HLA-B
P18583	SON
P18669	PGAM1
P18754	RCC1
P18859	ATP5PF
P18887	XRCC1
P19086	GNAZ
P19174	PLCG1
P19256	CD58
P19338	NCL
P19367	HK1
P19387	POLR2C
P19388	POLR2E
P19397	CD53
P19440	GGT1
P19447	ERCC3
P19474	TRIM21
P19525	EIF2AK2
P19532	TFE3
P19623	SRM
P19652	ORM2
P19784	CSNK2A2
P19823	ITIH2
P19827	ITIH1
P19838	NFKB1
P19878	NCF2
P19971	TYMP
P20020	ATP2B1
P20036	HLA-DPA1
P20042	EIF2S2
P20073	ANXA7
P20138	CD33
P20160	AZU1
P20290	BTF3
P20338	RAB4A
P20339	RAB5A
P20340	RAB6A
P20472	PVALB
P20585	MSH3
P20591	MX1
P20592	MX2
P20618	PSMB1
P20645	M6PR
P20674	COX5A
P20700	LMNB1
P20701	ITGAL
P20718	GZMH
P20933	AGA
P20936	RASA1
P20962	PTMS
P20963	CD247
P21266	GSTM3
P21281	ATP6V1B2
P21283	ATP6V1C1
P21291	CSRP1
P21333	FLNA
P21399	ACO1
P21462	FPR1
P21580	TNFAIP3
P21796	VDAC1
P21912	SDHB
P21953	BCKDHB
P21964	COMT
P22033	MMUT
P22059	OSBP
P22087	FBL
P22102	GART
P22234	PAICS
P22307	SCP2
P22314	UBA1
P22352	GPX3
P22415	USF1
P22626	HNRNPA2B1
P22670	RFX1
P22681	CBL
P22692	IGFBP4
P22694	PRKACB
P22695	UQCRC2
P22792	CPN2
P22830	FECH
P23109	AMPD1
P23141	CES1
P23142	FBLN1
P23193	TCEA1
P23219	PTGS1
P23229	ITGA6
P23246	SFPQ
P23258	TUBG1
P23284	PPIB
P23368	ME2
P23381	WARS1
P23396	RPS3
P23458	JAK1
P23497	SP100
P23526	AHCY
P23560	BDNF
P23634	ATP2B4
P23743	DGKA
P23919	DTYMK
P24158	PRTN3
P24311	COX7B
P24386	CHM
P24534	EEF1B2
P24539	ATP5PB
P24588	AKAP5
P24593	IGFBP5
P24666	ACP1
P24723	PRKCH
P24752	ACAT1
P24844	MYL9
P25024	CXCR1
P25025	CXCR2
P25098	GRK2
P25105	PTAFR
P25205	MCM3
P25208	NFYB
P25311	AZGP1
P25325	MPST
P25398	RPS12
P25490	YY1
P25685	DNAJB1
P25686	DNAJB2
P25705	ATP5F1A
P25774	CTSS
P25786	PSMA1
P25788	PSMA3
P25789	PSMA4
P25815	S100P
P25942	CD40
P26010	ITGB7
P26038	MSN
P26196	DDX6
P26358	DNMT1
P26368	U2AF2
P26373	RPL13
P26447	S100A4
P26583	HMGB2
P26599	PTBP1
P26639	TARS1
P26640	VARS1
P26641	EEF1G
P26885	FKBP2
P26951	IL3RA
P27105	STOM
P27169	PON1
P27338	MAOB
P27348	YWHAQ
P27361	MAPK3
P27449	ATP6V0C
P27487	DPP4
P27635	RPL10
P27694	RPA1
P27695	APEX1
P27701	CD82
P27708	CAD
P27797	CALR
P27824	CANX
P27918	CFP
P27986	PIK3R1
P27987	ITPKB
P28062	PSMB8
P28065	PSMB9
P28066	PSMA5
P28068	HLA-DMB
P28070	PSMB4
P28072	PSMB6
P28290	ITPRID2
P28331	NDUFS1
P28482	MAPK1
P28676	GCA
P28799	GRN
P28838	LAP3
P28906	CD34
P28907	CD38
P29074	PTPN4
P29084	GTF2E2
P29218	IMPA1
P29279	CCN2
P29350	PTPN6
P29353	SHC1
P29372	MPG
P29401	TKT
P29466	CASP1
P29558	RBMS1
P29590	PML
P29966	MARCKS
P30038	ALDH4A1
P30039	PBLD
P30040	ERP29
P30041	PRDX6
P30043	BLVRB
P30044	PRDX5
P30048	PRDX3
P30049	ATP5F1D
P30050	RPL12
P30084	ECHS1
P30085	CMPK1
P30086	PEBP1
P30101	PDIA3
P30153	PPP2R1A
P30154	PPP2R1B
P30203	CD6
P30260	CDC27
P30273	FCER1G
P30405	PPIF
P30419	NMT1
P30461	HLA-B
P30466	HLA-B
P30479	HLA-B
P30486	HLA-B
P30487	HLA-B
P30495	HLA-B
P30501	HLA-C
P30520	ADSS2
P30533	LRPAP1
P30536	TSPO
P30566	ADSL
P30613	PKLR
P30622	CLIP1
P30626	SRI
P30740	SERPINB1
P30876	POLR2B
P31040	SDHA
P31146	CORO1A
P31150	GDI1
P31153	MAT2A
P31323	PRKAR2B
P31483	TIA1
P31645	SLC6A4
P31689	DNAJA1
P31749	AKT1
P31751	AKT2
P31930	UQCRC1
P31937	HIBADH
P31939	ATIC
P31942	HNRNPH3
P31946	YWHAB
P31947	SFN
P31948	STIP1
P31949	S100A11
P31995	FCGR2C
P32019	INPP5B
P32119	PRDX2
P32121	ARRB2
P32189	GK
P32248	CCR7
P32249	GPR183
P32320	CDA
P32455	GBP1
P32456	GBP2
P32519	ELF1
P32942	ICAM3
P33121	ACSL1
P33176	KIF5B
P33240	CSTF2
P33241	LSP1
P33316	DUT
P33527	ABCC1
P33908	MAN1A1
P33991	MCM4
P33992	MCM5
P33993	MCM7
P34896	SHMT1
P34897	SHMT2
P34910	EVI2B
P34913	EPHX2
P34932	HSPA4
P34949	MPI
P35232	PHB1
P35241	RDX
P35244	RPA3
P35249	RFC4
P35251	RFC1
P35268	RPL22
P35269	GTF2F1
P35270	SPR
P35475	IDUA
P35527	KRT9
P35573	AGL
P35579	MYH9
P35606	COPB2
P35611	ADD1
P35612	ADD2
P35613	BSG
P35625	TIMP3
P35626	GRK3
P35658	NUP214
P35659	DEK
P35754	GLRX
P35813	PPM1A
P35858	IGFALS
P35908	KRT2
P35914	HMGCL
P35998	PSMC2
P36404	ARL2
P36405	ARL3
P36507	MAP2K2
P36542	ATP5F1C
P36543	ATP6V1E1
P36551	CPOX
P36578	RPL4
P36639	NUDT1
P36776	LONP1
P36871	PGM1
P36915	GNL1
P36954	POLR2I
P36955	SERPINF1
P36957	DLST
P36959	GMPR
P37108	SRP14
P37198	NUP62
P37235	HPCAL1
P37268	FDFT1
P37802	TAGLN2
P37837	TALDO1
P37840	SNCA
P38117	ETFB
P38159	RBMX
P38606	ATP6V1A
P38646	HSPA9
P38919	EIF4A3
P38935	IGHMBP2
P39019	RPS19
P39023	RPL3
P39656	DDOST
P39687	ANP32A
P39748	FEN1
P40121	CAPG
P40197	GP5
P40199	CEACAM6
P40222	TXLNA
P40227	CCT6A
P40238	MPL
P40306	PSMB10
P40692	MLH1
P40763	STAT3
P40818	USP8
P40925	MDH1
P40926	MDH2
P40939	HADHA
P41091	EIF2S3
P41212	ETV6
P41214	EIF2D
P41218	MNDA
P41223	BUD31
P41226	UBA7
P41227	NAA10
P41236	PPP1R2
P41240	CSK
P41250	GARS1
P41252	IARS1
P42025	ACTR1B
P42126	ECI1
P42166	TMPO
P42167	TMPO
P42224	STAT1
P42226	STAT6
P42229	STAT5A
P42263	GRIA3
P42285	MTREX
P42331	ARHGAP25
P42345	MTOR
P42356	PI4KA
P42566	EPS15
P42574	CASP3
P42679	MATK
P42680	TEC
P42704	LRPPRC
P42765	ACAA2
P42766	RPL35
P42768	WAS
P42773	CDKN2C
P42785	PRCP
P42858	HTT
P42892	ECE1
P43034	PAFAH1B1
P43119	PTGIR
P43246	MSH2
P43250	GRK6
P43304	GPD2
P43353	ALDH3B1
P43403	ZAP70
P43405	SYK
P43490	NAMPT
P43652	AFM
P43686	PSMC4
P45880	VDAC2
P45954	ACADSB
P45973	CBX5
P45974	USP5
P45985	MAP2K4
P46013	MKI67
P46060	RANGAP1
P46063	RECQL
P46087	NOP2
P46100	ATRX
P46109	CRKL
P46459	NSF
P46527	CDKN1B
P46734	MAP2K3
P46776	RPL27A
P46777	RPL5
P46778	RPL21
P46779	RPL28
P46781	RPS9
P46782	RPS5
P46783	RPS10
P46939	UTRN
P46940	IQGAP1
P46976	GYG1
P46977	STT3A
P47224	RABIF
P47712	PLA2G4A
P47755	CAPZA2
P47897	QARS1
P47914	RPL29
P47974	ZFP36L2
P47985	UQCRFS1
P48047	ATP5PO
P48059	LIMS1
P48060	GLIPR1
P48147	PREP
P48201	ATP5MC3
P48382	RFX5
P48426	PIP4K2A
P48449	LSS
P48506	GCLC
P48507	GCLM
P48509	CD151
P48553	TRAPPC10
P48556	PSMD8
P48595	SERPINB10
P48634	PRRC2A
P48637	GSS
P48643	CCT5
P48651	PTDSS1
P48723	HSPA13
P48729	CSNK1A1
P48735	IDH2
P48736	PIK3CG
P48739	PITPNB
P48960	ADGRE5
P49023	PXN
P49069	CAMLG
P49137	MAPKAPK2
P49184	DNASE1L1
P49189	ALDH9A1
P49207	RPL34
P49247	RPIA
P49257	LMAN1
P49321	NASP
P49327	FASN
P49368	CCT3
P49407	ARRB1
P49411	TUFM
P49441	INPP1
P49458	SRP9
P49588	AARS1
P49589	CARS1
P49593	PPM1F
P49641	MAN2A2
P49643	PRIM2
P49662	CASP4
P49703	ARL4D
P49711	CTCF
P49715	CEBPA
P49720	PSMB3
P49721	PSMB2
P49736	MCM2
P49747	COMP
P49748	ACADVL
P49753	ACOT2
P49755	TMED10
P49756	RBM25
P49757	NUMB
P49767	VEGFC
P49770	EIF2B2
P49773	HINT1
P49790	NUP153
P49792	RANBP2
P49796	RGS3
P49815	TSC2
P49821	NDUFV1
P49840	GSK3A
P49841	GSK3B
P49863	GZMK
P49903	SEPHS1
P49908	SELENOP
P49914	MTHFS
P49915	GMPS
P49916	LIG3
P49959	MRE11
P50053	KHK
P50135	HNMT
P50148	GNAQ
P50213	IDH3A
P50225	SULT1A1
P50238	CRIP1
P50336	PPOX
P50395	GDI2
P50402	EMD
P50416	CPT1A
P50440	GATM
P50452	SERPINB8
P50453	SERPINB9
P50454	SERPINH1
P50502	ST13
P50552	VASP
P50570	DNM2
P50579	METAP2
P50583	NUDT2
P50749	RASSF2
P50851	LRBA
P50914	RPL14
P50990	CCT8
P50991	CCT4
P50995	ANXA11
P51003	PAPOLA
P51114	FXR1
P51116	FXR2
P51124	GZMM
P51148	RAB5C
P51149	RAB7A
P51153	RAB13
P51157	RAB28
P51159	RAB27A
P51397	DAP
P51452	DUSP3
P51531	SMARCA2
P51553	IDH3G
P51570	GALK1
P51571	SSR4
P51572	BCAP31
P51575	P2RX1
P51606	RENBP
P51608	MECP2
P51649	ALDH5A1
P51659	HSD17B4
P51665	PSMD7
P51668	UBE2D1
P51688	SGSH
P51790	CLCN3
P51809	VAMP7
P51812	RPS6KA3
P51828	ADCY7
P51858	HDGF
P51884	LUM
P51970	NDUFA8
P51991	HNRNPA3
P52209	PGD
P52272	HNRNPM
P52292	KPNA2
P52294	KPNA1
P52298	NCBP2
P52306	RAP1GDS1
P52333	JAK3
P52564	MAP2K6
P52566	ARHGDIB
P52594	AGFG1
P52597	HNRNPF
P52630	STAT2
P52657	GTF2A2
P52701	MSH6
P52747	ZNF143
P52788	SMS
P52789	HK2
P52790	HK3
P52815	MRPL12
P52824	DGKQ
P52888	THOP1
P52907	CAPZA1
P52948	NUP98
P53004	BLVRA
P53007	SLC25A1
P53041	PPP5C
P53367	ARFIP1
P53384	NUBP1
P53396	ACLY
P53567	CEBPG
P53582	METAP1
P53597	SUCLG1
P53602	MVD
P53609	PGGT1B
P53618	COPB1
P53621	COPA
P53634	CTSC
P53677	AP3M2
P53701	HCCS
P53779	MAPK10
P53801	PTTG1IP
P53990	IST1
P53992	SEC24C
P53999	SUB1
P54136	RARS1
P54198	HIRA
P54278	PMS2
P54289	CACNA2D1
P54577	YARS1
P54578	USP14
P54619	PRKAG1
P54709	ATP1B3
P54725	RAD23A
P54727	RAD23B
P54802	NAGLU
P54819	AK2
P54886	ALDH18A1
P54920	NAPA
P54922	ADPRH
P55010	EIF5
P55039	DRG2
P55060	CSE1L
P55072	VCP
P55084	HADHB
P55160	NCKAP1L
P55209	NAP1L1
P55263	ADK
P55265	ADAR
P55273	CDKN2D
P55285	CDH6
P55316	FOXG1
P55786	NPEPPS
P55795	HNRNPH2
P55809	OXCT1
P55884	EIF3B
P55957	BID
P56181	NDUFV3
P56182	RRP1
P56192	MARS1
P56202	CTSW
P56279	TCL1A
P56377	AP1S2
P56378	ATP5MJ
P56381	ATP5F1E
P56385	ATP5ME
P56537	EIF6
P56962	STX17
P57088	TMEM33
P57678	GEMIN4
P57729	RAB38
P57740	NUP107
P57772	EEFSEC
P58215	LOXL3
P58546	MTPN
P59666	DEFA3
P60059	SEC61G
P60174	TPI1
P60228	EIF3E
P60468	SEC61B
P60520	GABARAPL2
P60709	ACTB
P60842	EIF4A1
P60866	RPS20
P60891	PRPS1
P60903	S100A10
P60953	CDC42
P60981	DSTN
P61006	RAB8A
P61009	SPCS3
P61011	SRP54
P61018	RAB4B
P61019	RAB2A
P61020	RAB5B
P61026	RAB10
P61081	UBE2M
P61086	UBE2K
P61088	UBE2N
P61106	RAB14
P61158	ACTR3
P61160	ACTR2
P61163	ACTR1A
P61165	TMEM258
P61201	COPS2
P61204	ARF3
P61221	ABCE1
P61224	RAP1B
P61225	RAP2B
P61244	MAX
P61247	RPS3A
P61254	RPL26
P61289	PSME3
P61313	RPL15
P61326	MAGOH
P61353	RPL27
P61513	RPL37A
P61586	RHOA
P61601	NCALD
P61604	HSPE1
P61626	LYZ
P61758	VBP1
P61764	STXBP1
P61769	B2M
P61803	DAD1
P61927	RPL37
P61952	GNG11
P61956	SUMO2
P61960	UFM1
P61962	DCAF7
P61970	NUTF2
P61978	HNRNPK
P61981	YWHAG
P62070	RRAS2
P62081	RPS7
P62136	PPP1CA
P62140	PPP1CB
P62191	PSMC1
P62195	PSMC5
P62241	RPS8
P62244	RPS15A
P62249	RPS16
P62258	YWHAE
P62263	RPS14
P62266	RPS23
P62269	RPS18
P62273	RPS29
P62277	RPS13
P62280	RPS11
P62304	SNRPE
P62306	SNRPF
P62310	LSM3
P62312	LSM6
P62314	SNRPD1
P62316	SNRPD2
P62318	SNRPD3
P62328	TMSB4X
P62330	ARF6
P62424	RPL7A
P62495	ETF1
P62633	CNBP
P62701	RPS4X
P62714	PPP2CB
P62736	ACTA2
P62750	RPL23A
P62753	RPS6
P62820	RAB1A
P62829	RPL23
P62834	RAP1A
P62847	RPS24
P62851	RPS25
P62854	RPS26
P62857	RPS28
P62873	GNB1
P62877	RBX1
P62879	GNB2
P62888	RPL30
P62906	RPL10A
P62913	RPL11
P62917	RPL8
P62937	PPIA
P62942	FKBP1A
P62979	RPS27A
P62993	GRB2
P62995	TRA2B
P63000	RAC1
P63010	AP2B1
P63104	YWHAZ
P63151	PPP2R2A
P63167	DYNLL1
P63173	RPL38
P63218	GNG5
P63220	RPS21
P63244	RACK1
P63313	TMSB10
P67775	PPP2CA
P67812	SEC11A
P67936	TPM4
P68032	ACTC1
P68036	UBE2L3
P68104	EEF1A1
P68366	TUBA4A
P68371	TUBB4B
P68400	CSNK2A1
P68402	PAFAH1B2
P68871	HBB
P69891	HBG1
P69892	HBG2
P78316	NOP14
P78318	IGBP1
P78324	SIRPA
P78332	RBM6
P78346	RPP30
P78347	GTF2I
P78356	PIP4K2B
P78362	SRPK2
P78371	CCT2
P78406	RAE1
P78410	BTN3A2
P78417	GSTO1
P78527	PRKDC
P78536	ADAM17
P78537	BLOC1S1
P78549	NTHL1
P78560	CRADD
P80217	IFI35
P80511	S100A12
P80723	BASP1
P81605	DCD
P82094	TMF1
P82909	KGD4
P82912	MRPS11
P83731	RPL24
P83876	TXNL4A
P83916	CBX1
P84085	ARF5
P84090	ERH
P84095	RHOG
P84098	RPL19
P84101	SERF2
P84103	SRSF3
P84157	MXRA7
P85037	FOXK1
P98082	DAB2
P98088	MUC5AC
P98160	HSPG2
P98170	XIAP
P98171	ARHGAP4
P98172	EFNB1
P98179	RBM3
P99999	CYCS
Q00005	PPP2R2B
Q00013	MPP1
Q00059	TFAM
Q00169	PITPNA
Q00325	SLC25A3
Q00403	GTF2B
Q00577	PURA
Q00613	HSF1
Q00653	NFKB2
Q00688	FKBP3
Q00722	PLCB2
Q00765	REEP5
Q00796	SORD
Q00839	HNRNPU
Q01081	U2AF1
Q01082	SPTBN1
Q01085	TIAL1
Q01105	SET
Q01130	SRSF2
Q01196	RUNX1
Q01432	AMPD3
Q01433	AMPD2
Q01459	CTBS
Q01469	FABP5
Q01518	CAP1
Q01543	FLI1
Q01628	IFITM3
Q01658	DR1
Q01780	EXOSC10
Q01804	OTUD4
Q01813	PFKP
Q01831	XPC
Q01844	EWSR1
Q01970	PLCB3
Q02040	AKAP17A
Q02083	NAAA
Q02086	SP2
Q02108	GUCY1A1
Q02127	DHODH
Q02252	ALDH6A1
Q02318	CYP27A1
Q02338	BDH1
Q02539	H1-1
Q02543	RPL18A
Q02750	MAP2K1
Q02790	FKBP4
Q02809	PLOD1
Q02818	NUCB1
Q02878	RPL6
Q02880	TOP2B
Q02978	SLC25A11
Q03164	KMT2A
Q03169	TNFAIP2
Q03181	PPARD
Q03188	CENPC
Q03252	LMNB2
Q03405	PLAUR
Q04206	RELA
Q04323	UBXN1
Q04446	GBE1
Q04637	EIF4G1
Q04656	ATP7A
Q04727	TLE4
Q04759	PRKCQ
Q04760	GLO1
Q04771	ACVR1
Q04837	SSBP1
Q04864	REL
Q04917	YWHAH
Q04941	PLP2
Q05048	CSTF1
Q05086	UBE3A
Q05193	DNM1
Q05209	PTPN12
Q05315	CLC
Q05519	SRSF11
Q05655	PRKCD
Q05682	CALD1
Q05823	RNASEL
Q05D32	CTDSPL2
Q06033	ITIH3
Q06124	PTPN11
Q06136	KDSR
Q06187	BTK
Q06203	PPAT
Q06210	GFPT1
Q06265	EXOSC9
Q06323	PSME1
Q06481	APLP2
Q06546	GABPA
Q06547	GABPB1
Q06587	RING1
Q06787	FMR1
Q06830	PRDX1
Q07021	C1QBP
Q07065	CKAP4
Q07108	CD69
Q07666	KHDRBS1
Q07812	BAX
Q07817	BCL2L1
Q07820	MCL1
Q07889	SOS1
Q07954	LRP1
Q07960	ARHGAP1
Q08170	SRSF4
Q08209	PPP3CA
Q08211	DHX9
Q08257	CRYZ
Q08378	GOLGA3
Q08379	GOLGA2
Q08380	LGALS3BP
Q08426	EHHADH
Q08495	DMTN
Q08623	PUDP
Q08722	CD47
Q08752	PPID
Q08945	SSRP1
Q08AF3	SLFN5
Q08AM6	VAC14
Q08J23	NSUN2
Q09028	RBBP4
Q09161	NCBP1
Q09428	ABCC8
Q09666	AHNAK
Q0VD83	APOBR
Q0VDF9	HSPA14
Q0VDG4	SCRN3
Q0ZGT2	NEXN
Q10471	GALNT2
Q10472	GALNT1
Q10567	AP1B1
Q10570	CPSF1
Q10589	BST2
Q10713	PMPCA
Q12765	SCRN1
Q12768	WASHC5
Q12769	NUP160
Q12788	TBL3
Q12789	GTF3C1
Q12792	TWF1
Q12797	ASPH
Q12802	AKAP13
Q12805	EFEMP1
Q12830	BPTF
Q12840	KIF5A
Q12841	FSTL1
Q12846	STX4
Q12849	GRSF1
Q12851	MAP4K2
Q12872	SFSWAP
Q12873	CHD3
Q12874	SF3A3
Q12882	DPYD
Q12888	TP53BP1
Q12904	AIMP1
Q12905	ILF2
Q12906	ILF3
Q12907	LMAN2
Q12913	PTPRJ
Q12931	TRAP1
Q12959	DLG1
Q12962	TAF10
Q12965	MYO1E
Q12968	NFATC3
Q12972	PPP1R8
Q12974	PTP4A2
Q12981	BNIP1
Q12986	NFX1
Q13011	ECH1
Q13017	ARHGAP5
Q13033	STRN3
Q13043	STK4
Q13045	FLII
Q13057	COASY
Q13087	PDIA2
Q13098	GPS1
Q13107	USP4
Q13123	IK
Q13131	PRKAA1
Q13136	PPFIA1
Q13144	EIF2B5
Q13148	TARDBP
Q13151	HNRNPA0
Q13153	PAK1
Q13155	AIMP2
Q13158	FADD
Q13162	PRDX4
Q13163	MAP2K5
Q13177	PAK2
Q13185	CBX3
Q13190	STX5
Q13191	CBLB
Q13200	PSMD2
Q13201	MMRN1
Q13206	DDX10
Q13217	DNAJC3
Q13228	SELENBP1
Q13232	NME3
Q13242	SRSF9
Q13243	SRSF5
Q13247	SRSF6
Q13263	TRIM28
Q13283	G3BP1
Q13287	NMI
Q13303	KCNAB2
Q13315	ATM
Q13325	IFIT5
Q13330	MTA1
Q13332	PTPRS
Q13347	EIF3I
Q13356	PPIL2
Q13363	CTBP1
Q13405	MRPL49
Q13409	DYNC1I2
Q13422	IKZF1
Q13423	NNT
Q13427	PPIG
Q13428	TCOF1
Q13435	SF3B2
Q13439	GOLGA4
Q13442	PDAP1
Q13445	TMED1
Q13451	FKBP5
Q13464	ROCK1
Q13469	NFATC2
Q13488	TCIRG1
Q13492	PICALM
Q13496	MTM1
Q13510	ASAH1
Q13523	PRPF4B
Q13526	PIN1
Q13542	EIF4EBP2
Q13547	HDAC1
Q13554	CAMK2B
Q13561	DCTN2
Q13564	NAE1
Q13568	IRF5
Q13573	SNW1
Q13574	DGKZ
Q13576	IQGAP2
Q13596	SNX1
Q13601	KRR1
Q13610	PWP1
Q13614	MTMR2
Q13615	MTMR3
Q13616	CUL1
Q13618	CUL3
Q13619	CUL4A
Q13620	CUL4B
Q13625	TP53BP2
Q13627	DYRK1A
Q13630	GFUS
Q13637	RAB32
Q13643	FHL3
Q13724	MOGS
Q13761	RUNX3
Q13769	THOC5
Q13813	SPTAN1
Q13823	GNL2
Q13825	AUH
Q13838	DDX39B
Q13867	BLMH
Q13868	EXOSC2
Q13884	SNTB1
Q13895	BYSL
Q13905	RAPGEF1
Q13948	CUX1
Q13951	CBFB
Q13952	NFYC
Q13976	PRKG1
Q14005	IL16
Q14008	CKAP5
Q14012	CAMK1
Q14019	COTL1
Q14061	COX17
Q14088	RAB33A
Q14103	HNRNPD
Q14108	SCARB2
Q14112	NID2
Q14116	IL18
Q14118	DAG1
Q14137	BOP1
Q14139	UBE4A
Q14141	SEPTIN6
Q14151	SAFB2
Q14152	EIF3A
Q14157	UBAP2L
Q14161	GIT2
Q14162	SCARF1
Q14165	MLEC
Q14166	TTLL12
Q14197	MRPL58
Q14203	DCTN1
Q14204	DYNC1H1
Q14232	EIF2B1
Q14240	EIF4A2
Q14241	ELOA
Q14242	SELPLG
Q14247	CTTN
Q14257	RCN2
Q14258	TRIM25
Q14289	PTK2B
Q14314	FGL2
Q14318	FKBP8
Q14320	FAM50A
Q14344	GNA13
Q14432	PDE3A
Q14444	CAPRIN1
Q14498	RBM39
Q14554	PDIA5
Q14558	PRPSAP1
Q14562	DHX8
Q14566	MCM6
Q14571	ITPR2
Q14642	INPP5A
Q14643	ITPR1
Q14644	RASA3
Q14653	IRF3
Q14657	LAGE3
Q14669	TRIP12
Q14676	MDC1
Q14677	CLINT1
Q14683	SMC1A
Q14684	RRP1B
Q14690	PDCD11
Q14694	USP10
Q14696	MESD
Q14697	GANAB
Q14699	RFTN1
Q14738	PPP2R5D
Q14739	LBR
Q14746	COG2
Q14761	PTPRCAP
Q14764	MVP
Q14765	STAT4
Q14766	LTBP1
Q14789	GOLGB1
Q14790	CASP8
Q14847	LASP1
Q14966	ZNF638
Q14974	KPNB1
Q14980	NUMA1
Q14997	PSME4
Q14BN4	SLMAP
Q14C86	GAPVD1
Q14CX7	NAA25
Q15007	WTAP
Q15008	PSMD6
Q15018	ABRAXAS2
Q15019	SEPTIN2
Q15020	SART3
Q15021	NCAPD2
Q15027	ACAP1
Q15029	EFTUD2
Q15031	LARS2
Q15036	SNX17
Q15042	RAB3GAP1
Q15046	KARS1
Q15047	SETDB1
Q15050	RRS1
Q15052	ARHGEF6
Q15056	EIF4H
Q15057	ACAP2
Q15059	BRD3
Q15061	WDR43
Q15063	POSTN
Q15067	ACOX1
Q15075	EEA1
Q15080	NCF4
Q15084	PDIA6
Q15102	PAFAH1B3
Q15118	PDK1
Q15120	PDK3
Q15121	PEA15
Q15126	PMVK
Q15149	PLEC
Q15154	PCM1
Q15172	PPP2R5A
Q15181	PPA1
Q15185	PTGES3
Q15208	STK38
Q15233	NONO
Q15257	PTPA
Q15276	RABEP1
Q15286	RAB35
Q15287	RNPS1
Q15291	RBBP5
Q15293	RCN1
Q15306	IRF4
Q15311	RALBP1
Q15334	LLGL1
Q15363	TMED2
Q15365	PCBP1
Q15366	PCBP2
Q15369	ELOC
Q15370	ELOB
Q15382	RHEB
Q15386	UBE3C
Q15388	TOMM20
Q15389	ANGPT1
Q15393	SF3B3
Q15397	PUM3
Q15404	RSU1
Q15418	RPS6KA1
Q15424	SAFB
Q15427	SF3B4
Q15428	SF3A2
Q15434	RBMS2
Q15435	PPP1R7
Q15436	SEC23A
Q15437	SEC23B
Q15459	SF3A1
Q15477	SKIC2
Q15528	MED22
Q15554	TERF2
Q15555	MAPRE2
Q15582	TGFBI
Q15628	TRADD
Q15631	TSN
Q15637	SF1
Q15642	TRIP10
Q15646	OASL
Q15648	MED1
Q15650	TRIP4
Q15669	RHOH
Q15691	MAPRE1
Q15717	ELAVL1
Q15738	NSDHL
Q15746	MYLK
Q15750	TAB1
Q15751	HERC1
Q15762	CD226
Q15771	RAB30
Q15796	SMAD2
Q15797	SMAD1
Q15813	TBCE
Q15814	TBCC
Q15819	UBE2V2
Q15833	STXBP2
Q15836	VAMP3
Q15904	ATP6AP1
Q15906	VPS72
Q15907	RAB11B
Q15942	ZYX
Q16134	ETFDH
Q16186	ADRM1
Q16204	CCDC6
Q16270	IGFBP7
Q16401	PSMD5
Q16512	PKN1
Q16531	DDB1
Q16539	MAPK14
Q16543	CDC37
Q16566	CAMK4
Q16576	RBBP7
Q16584	MAP3K11
Q16594	TAF9
Q16595	FXN
Q16610	ECM1
Q16611	BAK1
Q16621	NFE2
Q16629	SRSF7
Q16630	CPSF6
Q16643	DBN1
Q16644	MAPKAPK3
Q16656	NRF1
Q16658	FSCN1
Q16666	IFI16
Q16698	DECR1
Q16706	MAN2A1
Q16718	NDUFA5
Q16719	KYNU
Q16720	ATP2B3
Q16740	CLPP
Q16762	TST
Q16775	HAGH
Q16777	H2AC20
Q16795	NDUFA9
Q16799	RTN1
Q16822	PCK2
Q16831	UPP1
Q16853	AOC3
Q16864	ATP6V1F
Q16881	TXNRD1
Q16891	IMMT
Q17RC7	EXOC3L4
Q1KMD3	HNRNPUL2
Q27J81	INF2
Q29RF7	PDS5A
Q2KHT3	CLEC16A
Q2M296	MTHFSD
Q2M2I8	AAK1
Q2M385	MPEG1
Q2NL82	TSR1
Q2PPJ7	RALGAPA2
Q2TAA2	IAH1
Q2TAL8	QRICH1
Q2TAY7	SMU1
Q2TB10	ZNF800
Q2TBE0	CWF19L2
Q2YD98	UVSSA
Q30154	HLA-DRB5
Q32MZ4	LRRFIP1
Q32P28	P3H1
Q32P41	TRMT5
Q32Q12	NME1-NME2
Q3B8N2	LGALS9B
Q3KQU3	MAP7D1
Q3LXA3	TKFC
Q3MHD2	LSM12
Q3SXM5	HSDL1
Q3T8J9	GON4L
Q3V6T2	CCDC88A
Q3ZAQ7	VMA21
Q3ZCQ8	TIMM50
Q3ZCW2	LGALSL
Q460N5	PARP14
Q494V2	CFAP100
Q495G5	MMAA
Q49A26	GLYR1
Q4G0F5	VPS26B
Q4G0J3	LARP7
Q4G0N4	NADK2
Q4G148	GXYLT1
Q4G176	ACSF3
Q4KMP7	TBC1D10B
Q4KMQ2	ANO6
Q4KWH8	PLCH1
Q4V328	GRIPAP1
Q4V339	ZNG1F
Q4VC31	MIX23
Q52LJ0	FAM98B
Q53EL6	PDCD4
Q53ET0	CRTC2
Q53F19	NCBP3
Q53FA7	TP53I3
Q53FT3	HIKESHI
Q53FV1	ORMDL2
Q53G44	IFI44L
Q53GL0	PLEKHO1
Q53GQ0	HSD17B12
Q53GS9	USP39
Q53H12	AGK
Q53H82	LACTB2
Q53QZ3	ARHGAP15
Q53T59	HS1BP3
Q562E7	WDR81
Q562R1	ACTBL2
Q567U6	CCDC93
Q56VL3	OCIAD2
Q573B4	LCK
Q5BJD5	TMEM41B
Q5BJF6	ODF2
Q5BJH7	YIF1B
Q5BKZ1	ZNF326
Q5C9Z4	NOM1
Q5EBL4	RILPL1
Q5EBM0	CMPK2
Q5EG05	CARD16
Q5FWF5	ESCO1
Q5GLZ8	HERC4
Q5H9L2	TCEAL5
Q5H9R7	PPP6R3
Q5HY81	UBL4A
Q5HYI8	RABL3
Q5HYJ3	FAM76B
Q5HYK3	COQ5
Q5JQS6	GCSAML
Q5JRA6	MIA3
Q5JRX3	PITRM1
Q5JSH3	WDR44
Q5JSP0	FGD3
Q5JTD0	TJAP1
Q5JTH9	RRP12
Q5JTV8	TOR1AIP1
Q5JTZ9	AARS2
Q5JVF3	PCID2
Q5JVS0	HABP4
Q5JWF2	GNAS
Q5JXI8	FHL1
Q5K651	SAMD9
Q5LJA9	UCHL5
Q5M775	SPECC1
Q5M7Z0	RNFT1
Q5M8T2	SLC35D3
Q5QJE6	DNTTIP2
Q5QPA5	MRPS18A
Q5QPL9	RALY
Q5R372	RABGAP1L
Q5R3I4	TTC38
Q5RKV6	EXOSC6
Q5S007	LRRK2
Q5SNV9	C1orf167
Q5SNW7	MTHFR
Q5SQ64	LY6G6F
Q5SRD1	TIMM23B
Q5SRQ6	CSNK2B
Q5SSJ5	HP1BP3
Q5STX8	AIF1
Q5STZ8	ABCF1
Q5SW79	CEP170
Q5SW96	LDLRAP1
Q5SXM8	DNLZ
Q5SZB4	C9orf50
Q5SZL2	CEP85L
Q5T0F9	CC2D1B
Q5T160	RARS2
Q5T1J5	CHCHD2P9
Q5T200	ZC3H13
Q5T280	SPOUT1
Q5T2S8	ODAD2
Q5T3F8	TMEM63B
Q5T440	IBA57
Q5T447	HECTD3
Q5T4S7	UBR4
Q5T4U5	ACADM
Q5T5C0	STXBP5
Q5T5C7	SARS1
Q5T5H1	ENSA
Q5T5Y3	CAMSAP1
Q5T619	ZNF648
Q5T653	MRPL2
Q5T6V5	QNG1
Q5T8D3	ACBD5
Q5T9B7	AK1
Q5TBA9	FRY
Q5TBB1	RNASEH2B
Q5TC84	OGFRL1
Q5TCU3	TPM2
Q5TCZ1	SH3PXD2A
Q5TDF0	NTPCR
Q5TDH0	DDI2
Q5TEC6	H3-7
Q5TEJ8	THEMIS2
Q5TFE4	NT5DC1
Q5TZA2	CROCC
Q5UE93	PIK3R6
Q5VIR6	VPS53
Q5VSL9	STRIP1
Q5VT06	CEP350
Q5VTL8	PRPF38B
Q5VUA4	ZNF318
Q5VUM1	SDHAF4
Q5VV89	MGST3
Q5VVQ6	YOD1
Q5VW32	BROX
Q5VWC4	PSMD4
Q5VWZ2	LYPLAL1
Q5VX20	PFKFB3
Q5VXU9	SHOC1
Q5VY43	PEAR1
Q5VZK9	CARMIL1
Q5VZM2	RRAGB
Q5VZU9	TPP2
Q5W0V3	FHIP2A
Q5XPI4	RNF123
Q5Y7A7	HLA-DRB1
Q629K1	TRIQK
Q63HQ0	AP1AR
Q63ZY3	KANK2
Q658P3	STEAP3
Q658Y4	FAM91A1
Q66GS9	CEP135
Q66K66	TMEM198
Q66K74	MAP1S
Q68BL7	OLFML2A
Q68DE3	USF3
Q68DK2	ZFYVE26
Q68E01	INTS3
Q68EM7	ARHGAP17
Q69YN2	CWF19L1
Q69YQ0	SPECC1L
Q6B0K9	HBM
Q6BDS2	BLTP3A
Q6DD88	ATL3
Q6DKI1	RPL7L1
Q6F5E8	CARMIL2
Q6FI81	CIAPIN1
Q6GMV3	PTRHD1
Q6IA69	NADSYN1
Q6IAA8	LAMTOR1
Q6IAN0	DHRS7B
Q6IBS0	TWF2
Q6ICG6	KIAA0930
Q6ICL3	TANGO2
Q6IN85	PPP4R3A
Q6JBY9	RCSD1
Q6K0P9	PYHIN1
Q6KC79	NIPBL
Q6L8Q7	PDE12
Q6MZP7	LIN54
Q6NUK1	SLC25A24
Q6NUQ4	TMEM214
Q6NVY1	HIBCH
Q6NXE6	ARMC6
Q6NZI2	CAVIN1
Q6NZY4	ZCCHC8
Q6P158	DHX57
Q6P179	ERAP2
Q6P1J9	CDC73
Q6P1M0	SLC27A4
Q6P1N0	CC2D1A
Q6P2C8	MED27
Q6P2E9	EDC4
Q6P2I3	FAHD2B
Q6P2Q9	PRPF8
Q6P3X3	TTC27
Q6P4A8	PLBD1
Q6P4E1	GOLM2
Q6P587	FAHD1
Q6P589	TNFAIP8L2
Q6P6C2	ALKBH5
Q6P9B9	INTS5
Q6PCB5	RSBN1L
Q6PCE3	PGM2L1
Q6PD62	CTR9
Q6PD74	AAGAB
Q6PEV8	FAM199X
Q6PGP7	SKIC3
Q6PHR2	ULK3
Q6PI48	DARS2
Q6PJF5	RHBDF2
Q6PJI9	WDR59
Q6PJT7	ZC3H14
Q6PJW8	CNST
Q6PK04	CCDC137
Q6PK18	OGFOD3
Q6PKG0	LARP1
Q6PL24	TMED8
Q6QNY0	BLOC1S3
Q6R327	RICTOR
Q6RW13	AGTRAP
Q6SZW1	SARM1
Q6UN15	FIP1L1
Q6UUV7	CRTC3
Q6UW68	TMEM205
Q6UWE0	LRSAM1
Q6UWL2	SUSD1
Q6UWL6	KIRREL2
Q6UWY2	PRSS57
Q6UWZ7	ABRAXAS1
Q6UX04	CWC27
Q6UX71	PLXDC2
Q6UXH1	CRELD2
Q6UXN9	WDR82
Q6VEQ5	WASH2P
Q6VY07	PACS1
Q6WKZ4	RAB11FIP1
Q6XQN6	NAPRT
Q6Y1H2	HACD2
Q6YHK3	CD109
Q6YHU6	THADA
Q6YN16	HSDL2
Q6YP21	KYAT3
Q6ZMI0	PPP1R21
Q6ZMZ3	SYNE3
Q6ZN40	TPM1
Q6ZNB6	NFXL1
Q6ZNJ1	NBEAL2
Q6ZRS2	SRCAP
Q6ZRY4	RBPMS2
Q6ZS81	WDFY4
Q6ZSS7	MFSD6
Q6ZSZ5	ARHGEF18
Q6ZT12	UBR3
Q6ZT21	TMPPE
Q6ZU35	CRACD
Q6ZU80	CEP128
Q6ZUJ8	PIK3AP1
Q6ZUT6	CCDC9B
Q6ZUX7	LHFPL2
Q6ZV29	PNPLA7
Q6ZVF9	GPRIN3
Q6ZVK8	NUDT18
Q6ZVM7	TOM1L2
Q6ZXV5	TMTC3
Q709C8	VPS13C
Q70IA6	MOB2
Q70J99	UNC13D
Q70UQ0	IKBIP
Q712K3	UBE2R2
Q75N03	CBLL1
Q76FK4	NOL8
Q7KZ85	SUPT6H
Q7KZF4	SND1
Q7KZI7	MARK2
Q7L0J3	SV2A
Q7L1Q6	BZW1
Q7L1T6	CYB5R4
Q7L1W4	LRRC8D
Q7L2E3	DHX30
Q7L2H7	EIF3M
Q7L2J0	MEPCE
Q7L4I2	RSRC2
Q7L576	CYFIP1
Q7L5D6	GET4
Q7L5N1	COPS6
Q7L5N7	LPCAT2
Q7L7L0	H2AC25
Q7L7X3	TAOK1
Q7L8J4	SH3BP5L
Q7L9L4	MOB1B
Q7LBC6	KDM3B
Q7LBR1	CHMP1B
Q7LDG7	RASGRP2
Q7LFL8	CXXC5
Q7RTV0	PHF5A
Q7Z2K6	ERMP1
Q7Z2W9	MRPL21
Q7Z2Z2	EFL1
Q7Z3B4	NUP54
Q7Z3C6	ATG9A
Q7Z3K3	POGZ
Q7Z3U7	MON2
Q7Z406	MYH14
Q7Z422	SZRD1
Q7Z434	MAVS
Q7Z460	CLASP1
Q7Z478	DHX29
Q7Z4H3	HDDC2
Q7Z4H8	POGLUT3
Q7Z4Q2	HEATR3
Q7Z4V5	HDGFL2
Q7Z4W1	DCXR
Q7Z591	AKNA
Q7Z5G4	GOLGA7
Q7Z5K2	WAPL
Q7Z5L9	IRF2BP2
Q7Z5P9	MUC19
Q7Z5R6	APBB1IP
Q7Z6A9	BTLA
Q7Z6B0	CCDC91
Q7Z6E9	RBBP6
Q7Z6I6	ARHGAP30
Q7Z6J4	FGD2
Q7Z6Z7	HUWE1
Q7Z7A1	CNTRL
Q7Z7B0	FILIP1
Q7Z7E8	UBE2Q1
Q7Z7F0	KHDC4
Q7Z7F7	MRPL55
Q7Z7H5	TMED4
Q7Z7K6	CENPV
Q7Z7N9	TMEM179B
Q86SZ2	TRAPPC6B
Q86TB9	PATL1
Q86TI0	TBC1D1
Q86TI2	DPP9
Q86TM6	SYVN1
Q86TP1	PRUNE1
Q86TU7	SETD3
Q86TV6	TTC7B
Q86U28	ISCA2
Q86U38	NOP9
Q86U42	PABPN1
Q86U44	METTL3
Q86U86	PBRM1
Q86UD0	SAPCD2
Q86UE4	MTDH
Q86UE8	TLK2
Q86UK7	ZNF598
Q86UP2	KTN1
Q86UT6	NLRX1
Q86UW9	DTX2
Q86UX7	FERMT3
Q86V21	AACS
Q86V88	MDP1
Q86VB7	CD163
Q86VN1	VPS36
Q86VP3	PACS2
Q86VP6	CAND1
Q86VR2	RETREG3
Q86VS8	HOOK3
Q86VU5	COMTD1
Q86VW0	SESTD1
Q86W42	THOC6
Q86W50	METTL16
Q86W56	PARG
Q86WB0	ZC3HC1
Q86WI1	PKHD1L1
Q86WN1	FCHSD1
Q86WR0	CCDC25
Q86WR7	PROSER2
Q86WV1	SKAP1
Q86WV6	STING1
Q86WV7	CCDC43
Q86X19	TMEM17
Q86X29	LSR
Q86X55	CARM1
Q86X76	NIT1
Q86X95	CIR1
Q86XP0	PLA2G4D
Q86XP3	DDX42
Q86XR2	NIBAN3
Q86Y82	STX12
Q86YB7	ECHDC2
Q86YL5	TDRP
Q86YN6	PPARGC1B
Q86YP4	GATAD2A
Q86YS6	RAB43
Q86YS7	C2CD5
Q86YV0	RASAL3
Q86YV5	PRAG1
Q86YV9	HPS6
Q86YW5	TREML1
Q86YZ3	HRNR
Q8IU60	DCP2
Q8IU68	TMC8
Q8IU85	CAMK1D
Q8IUE6	H2AC21
Q8IUF8	RIOX2
Q8IUI8	CRLF3
Q8IUR0	TRAPPC5
Q8IV04	TBC1D10C
Q8IV08	PLD3
Q8IV38	ANKMY2
Q8IV50	LYSMD2
Q8IV53	DENND1C
Q8IV63	VRK3
Q8IVB4	SLC9A9
Q8IVB5	LIX1L
Q8IVM0	CCDC50
Q8IVS8	GLYCTK
Q8IVT5	KSR1
Q8IVW6	ARID3B
Q8IWB7	WDFY1
Q8IWE4	DCUN1D3
Q8IWJ2	GCC2
Q8IWT6	LRRC8A
Q8IWV8	UBR2
Q8IX04	UEVLD
Q8IX12	CCAR1
Q8IX19	MCEMP1
Q8IXB1	DNAJC10
Q8IXI2	RHOT1
Q8IXQ6	PARP9
Q8IXT5	RBM12B
Q8IY17	PNPLA6
Q8IY18	SMC5
Q8IY21	DDX60
Q8IY22	CMIP
Q8IYB5	SMAP1
Q8IYB7	DIS3L2
Q8IYD8	FANCM
Q8IYI6	EXOC8
Q8IYJ3	SYTL1
Q8IYM9	TRIM22
Q8IYQ7	THNSL1
Q8IYS2	KIAA2013
Q8IZ07	ANKRD13A
Q8IZ21	PHACTR4
Q8IZ81	ELMOD2
Q8IZ83	ALDH16A1
Q8IZD2	KMT2E
Q8IZH2	XRN1
Q8IZP0	ABI1
Q8IZQ5	SELENOH
Q8N0X7	SPART
Q8N103	TAGAP
Q8N122	RPTOR
Q8N128	FAM177A1
Q8N131	TMEM123
Q8N138	ORMDL3
Q8N149	LILRA2
Q8N163	CCAR2
Q8N183	NDUFAF2
Q8N1B4	VPS52
Q8N1F7	NUP93
Q8N1G2	CMTR1
Q8N1G4	LRRC47
Q8N1K5	THEMIS
Q8N1Q1	CA13
Q8N201	INTS1
Q8N257	H2BC26
Q8N2G8	GHDC
Q8N2K0	ABHD12
Q8N2U9	SLC66A2
Q8N335	GPD1L
Q8N386	LRRC25
Q8N392	ARHGAP18
Q8N3C0	ASCC3
Q8N3D4	EHBP1L1
Q8N3F0	MTURN
Q8N3U4	STAG2
Q8N3X1	FNBP4
Q8N490	PNKD
Q8N4C6	NIN
Q8N4C8	MINK1
Q8N4L2	PIP4P2
Q8N4Q1	CHCHD4
Q8N4T8	CBR4
Q8N511	TMEM199
Q8N556	AFAP1
Q8N573	OXR1
Q8N584	TTC39C
Q8N5A5	ZGPAT
Q8N5B7	CERS5
Q8N5C8	TAB3
Q8N5G0	SMIM20
Q8N5G2	MACO1
Q8N5H7	SH2D3C
Q8N5J2	MINDY1
Q8N5K1	CISD2
Q8N5M9	JAGN1
Q8N5N7	MRPL50
Q8N5Y2	MSL3
Q8N668	COMMD1
Q8N684	CPSF7
Q8N699	MYCT1
Q8N6H7	ARFGAP2
Q8N6S5	ARL6IP6
Q8N6T3	ARFGAP1
Q8N766	EMC1
Q8N7H5	PAF1
Q8N7M0	DYNLT5
Q8N8A2	ANKRD44
Q8N8R7	ARL14EP
Q8N983	MRPL43
Q8N9N7	LRRC57
Q8N9R8	SCAI
Q8N9T8	KRI1
Q8N9U0	TC2N
Q8NB16	MLKL
Q8NB37	GATD1
Q8NB90	AFG2A
Q8NBF2	NHLRC2
Q8NBI5	SLC43A3
Q8NBJ5	COLGALT1
Q8NBL1	POGLUT1
Q8NBM4	UBAC2
Q8NBM8	PCYOX1L
Q8NBN7	RDH13
Q8NBQ5	HSD17B11
Q8NBR6	MINDY2
Q8NBS9	TXNDC5
Q8NBU5	ATAD1
Q8NBX0	SCCPDH
Q8NC51	SERBP1
Q8NC56	LEMD2
Q8NCC3	PLA2G15
Q8NCE2	MTMR14
Q8NCG7	DAGLB
Q8NCM2	KCNH5
Q8NCN5	PDPR
Q8NCW5	NAXE
Q8ND24	RNF214
Q8ND56	LSM14A
Q8ND71	GIMAP8
Q8NDA8	MROH1
Q8NDB2	BANK1
Q8NDT2	RBM15B
Q8NDX1	PSD4
Q8NE01	CNNM3
Q8NE71	ABCF1
Q8NE86	MCU
Q8NEB9	PIK3C3
Q8NEF9	SRFBP1
Q8NEM7	SUPT20H
Q8NEU8	APPL2
Q8NEZ2	VPS37A
Q8NEZ5	FBXO22
Q8NF37	LPCAT1
Q8NF50	DOCK8
Q8NF91	SYNE1
Q8NFC6	BOD1L1
Q8NFD5	ARID1B
Q8NFF5	FLAD1
Q8NFH3	NUP43
Q8NFH5	NUP35
Q8NFH8	REPS2
Q8NFI3	ENGASE
Q8NFQ8	TOR1AIP2
Q8NFU3	TSTD1
Q8NFV4	ABHD11
Q8NFW8	CMAS
Q8NG06	TRIM58
Q8NGA1	OR1M1
Q8NGK5	OR52M1
Q8NHG7	SVIP
Q8NHH9	ATL2
Q8NHM5	KDM2B
Q8NHP8	PLBD2
Q8NHQ9	DDX55
Q8NHV1	GIMAP7
Q8NHV4	NEDD1
Q8NHZ8	CDC26
Q8NI27	THOC2
Q8NI35	PATJ
Q8TAC1	RFESD
Q8TAD8	SNIP1
Q8TAE8	GADD45GIP1
Q8TAF3	WDR48
Q8TAP9	MPLKIP
Q8TAT6	NPLOC4
Q8TAY7	FAM110D
Q8TB03	CXorf38
Q8TB24	RIN3
Q8TB37	NUBPL
Q8TB40	ABHD4
Q8TBB5	KLHDC4
Q8TBC4	UBA3
Q8TBP5	FAM174A
Q8TBQ9	TMEM167A
Q8TBR5	CIRBP-AS1
Q8TBX8	PIP4K2C
Q8TC07	TBC1D15
Q8TC12	RDH11
Q8TC59	PIWIL2
Q8TCB0	IFI44
Q8TCD5	NT5C
Q8TCF1	ZFAND1
Q8TCJ2	STT3B
Q8TCS8	PNPT1
Q8TCT8	SPPL2A
Q8TCT9	HM13
Q8TCU6	PREX1
Q8TD16	BICD2
Q8TD19	NEK9
Q8TD47	RPS4Y2
Q8TD55	PLEKHO2
Q8TDB6	DTX3L
Q8TDD1	DDX54
Q8TDF6	RASGRP4
Q8TDH9	BLOC1S5
Q8TDS5	OXER1
Q8TDV0	GPR151
Q8TDW0	LRRC8C
Q8TDX7	NEK7
Q8TDY2	RB1CC1
Q8TDZ2	MICAL1
Q8TE49	OTUD7A
Q8TE77	SSH3
Q8TEA8	DTD1
Q8TEB1	DCAF11
Q8TEM1	NUP210
Q8TEQ0	SNX29
Q8TEQ6	GEMIN5
Q8TEW0	PARD3
Q8TEX9	IPO4
Q8TF01	PNISR
Q8TF42	UBASH3B
Q8TF64	GIPC3
Q8WTW3	COG1
Q8WU39	MZB1
Q8WU76	SCFD2
Q8WU79	SMAP2
Q8WU90	ZC3H15
Q8WUA7	TBC1D22A
Q8WUD1	RAB2B
Q8WUD4	CCDC12
Q8WUH2	TGFBRAP1
Q8WUH6	TMEM263
Q8WUM0	NUP133
Q8WUM4	PDCD6IP
Q8WUW1	BRK1
Q8WUX9	CHMP7
Q8WUZ0	BCL7C
Q8WV99	ZFAND2B
Q8WVC6	DCAKD
Q8WVJ2	NUDCD2
Q8WVM7	STAG1
Q8WVM8	SCFD1
Q8WVR3	TRAPPC14
Q8WVT3	TRAPPC12
Q8WVY7	UBLCP1
Q8WW12	PCNP
Q8WWA1	TMEM40
Q8WWC4	MAIP1
Q8WWI5	SLC44A1
Q8WWM7	ATXN2L
Q8WWN8	ARAP3
Q8WWN9	IPCEF1
Q8WWP7	GIMAP1
Q8WWY3	PRPF31
Q8WXA9	SREK1
Q8WXE9	STON2
Q8WXF1	PSPC1
Q8WXF7	ATL1
Q8WXG6	MADD
Q8WXH0	SYNE2
Q8WXI9	GATAD2B
Q8WXX5	DNAJC9
Q8WYP5	AHCTF1
Q8WZ73	RFFL
Q8WZ82	OVCA2
Q8WZA0	LZIC
Q8WZA9	IRGQ
Q92466	DDB2
Q92482	AQP3
Q92499	DDX1
Q92504	SLC39A7
Q92506	HSD17B8
Q92520	FAM3C
Q92522	H1-10
Q92530	PSMF1
Q92538	GBF1
Q92541	RTF1
Q92542	NCSTN
Q92544	TM9SF4
Q92552	MRPS27
Q92556	ELMO1
Q92572	AP3S1
Q92574	TSC1
Q92575	UBXN4
Q92576	PHF3
Q92597	NDRG1
Q92598	HSPH1
Q92599	SEPTIN8
Q92600	CNOT9
Q92604	LPGAT1
Q92608	DOCK2
Q92609	TBC1D5
Q92614	MYO18A
Q92615	LARP4B
Q92616	GCN1
Q92619	ARHGAP45
Q92620	DHX38
Q92621	NUP205
Q92623	TTC9
Q92625	ANKS1A
Q92665	MRPS31
Q92673	SORL1
Q92686	NRGN
Q92688	ANP32B
Q92692	NECTIN2
Q92696	RABGGTA
Q92733	PRCC
Q92734	TFG
Q92747	ARPC1A
Q92769	HDAC2
Q92783	STAM
Q92793	CREBBP
Q92797	SYMPK
Q92804	TAF15
Q92820	GGH
Q92835	INPP5D
Q92844	TANK
Q92854	SEMA4D
Q92878	RAD50
Q92882	OSTF1
Q92890	UFD1
Q92896	GLG1
Q92900	UPF1
Q92905	COPS5
Q92917	GPKOW
Q92918	MAP4K1
Q92922	SMARCC1
Q92925	SMARCD2
Q92930	RAB8B
Q92947	GCDH
Q92954	PRG4
Q92973	TNPO1
Q93008	USP9X
Q93009	USP7
Q93015	NAA80
Q93034	CUL5
Q93050	ATP6V0A1
Q93052	LPP
Q93070	ART4
Q93084	ATP2A3
Q93100	PHKB
Q969E2	SCAMP4
Q969E8	TSR2
Q969F2	NKD2
Q969F9	HPS3
Q969G3	SMARCE1
Q969H8	MYDGF
Q969J3	BORCS5
Q969M7	UBE2F
Q969Q0	RPL36AL
Q969Q5	RAB24
Q969S3	ZNF622
Q969S8	HDAC10
Q969T9	WBP2
Q969U7	PSMG2
Q969V3	NCLN
Q969X0	RILPL2
Q969X1	TMBIM1
Q969Y2	GTPBP3
Q969Z0	TBRG4
Q96A00	PPP1R14A
Q96A26	FAM162A
Q96A33	CCDC47
Q96A65	EXOC4
Q96AC1	FERMT2
Q96AG3	SLC25A46
Q96AG4	LRRC59
Q96AH0	NABP1
Q96AJ9	VTI1A
Q96AP7	ESAM
Q96AQ6	PBXIP1
Q96AT1	KIAA1143
Q96AT9	RPE
Q96AX1	VPS33A
Q96AX2	RAB37
Q96AZ6	ISG20
Q96B49	TOMM6
Q96B97	SH3KBP1
Q96BD5	PHF21A
Q96BH1	RNF25
Q96BJ3	AIDA
Q96BM9	ARL8A
Q96BN8	OTULIN
Q96BQ5	CCDC127
Q96BS2	TESC
Q96BV0	ZNF775
Q96BW1	UPRT
Q96BX8	MOB3A
Q96BY6	DOCK10
Q96BY7	ATG2B
Q96C10	DHX58
Q96C11	FGGY
Q96C19	EFHD2
Q96C23	GALM
Q96C24	SYTL4
Q96C86	DCPS
Q96CB8	INTS12
Q96CD0	FBXL8
Q96CD2	PPCDC
Q96CM8	ACSF2
Q96CN4	EVI5L
Q96CN7	ISOC1
Q96CN9	GCC1
Q96CS2	HAUS1
Q96CS3	FAF2
Q96CT7	CCDC124
Q96CV9	OPTN
Q96CW5	TUBGCP3
Q96CX2	KCTD12
Q96D31	ORAI1
Q96D70	R3HDM4
Q96D71	REPS1
Q96D96	HVCN1
Q96DE5	ANAPC16
Q96DI7	SNRNP40
Q96DM3	RMC1
Q96DT0	LGALS12
Q96DU3	SLAMF6
Q96DV4	MRPL38
Q96DZ1	ERLEC1
Q96DZ9	CMTM5
Q96E11	MRRF
Q96E17	RAB3C
Q96E39	RBMXL1
Q96EC8	YIPF6
Q96EP0	RNF31
Q96EP5	DAZAP1
Q96ER9	CCDC51
Q96ET8	TVP23C
Q96EU6	RRP36
Q96EV8	DTNBP1
Q96EX1	SMIM12
Q96EY7	PTCD3
Q96EY8	MMAB
Q96F07	CYFIP2
Q96F24	NRBF2
Q96F86	EDC3
Q96FJ2	DYNLL2
Q96FN4	CPNE2
Q96FS4	SIPA1
Q96FZ2	HMCES
Q96G03	PGM2
Q96GA3	LTV1
Q96GC5	MRPL48
Q96GC6	ZNF274
Q96GD0	PDXP
Q96GF1	RNF185
Q96GG9	DCUN1D1
Q96GM8	TOE1
Q96GQ7	DDX27
Q96GS4	BORCS6
Q96GX9	APIP
Q96H20	SNF8
Q96H43	ZFYVE26
Q96H79	ZC3HAV1L
Q96HC4	PDLIM5
Q96HD1	CRELD1
Q96HE7	ERO1A
Q96HN2	AHCYL2
Q96HS1	PGAM5
Q96HW7	INTS4
Q96HY6	DDRGK1
Q96I15	SCLY
Q96I24	FUBP3
Q96I25	RBM17
Q96I59	NARS2
Q96I99	SUCLG2
Q96II5	ARAF
Q96II8	LRCH3
Q96IJ6	GMPPA
Q96IU4	ABHD14B
Q96IV0	NGLY1
Q96IY1	NSL1
Q96J88	EPSTI1
Q96JB5	CDK5RAP3
Q96JG6	VPS50
Q96JH7	VCPIP1
Q96JJ3	ELMO2
Q96JJ7	TMX3
Q96JM3	CHAMP1
Q96JP5	ZFP91
Q96JW4	SLC41A2
Q96JY6	PDLIM2
Q96K17	BTF3L4
Q96K19	RNF170
Q96K21	ZFYVE19
Q96K76	USP47
Q96KG9	SCYL1
Q96KK3	KCNS1
Q96KN7	RPGRIP1
Q96KP1	EXOC2
Q96KP4	CNDP2
Q96KR1	ZFR
Q96L03	SPATA17
Q96L73	NSD1
Q96L91	EP400
Q96L92	SNX27
Q96LJ7	DHRS1
Q96LL9	DNAJC30
Q96LT7	C9orf72
Q96LW7	CARD19
Q96M27	PRRC1
Q96ME7	ZNF512
Q96MG7	NSMCE3
Q96MK2	RIPOR3
Q96MT8	CEP63
Q96MW5	COG8
Q96N16	JAKMIP1
Q96N67	DOCK7
Q96NA2	RILP
Q96NB2	SFXN2
Q96NB3	ZNF830
Q96NL8	CFAP418
Q96NY7	CLIC6
Q96P31	FCRL3
Q96P48	ARAP1
Q96P70	IPO9
Q96PC5	MIA2
Q96PD5	PGLYRP2
Q96PE3	INPP4A
Q96PE7	MCEE
Q96PK6	RBM14
Q96PM5	RCHY1
Q96PP8	GBP5
Q96PP9	GBP4
Q96PU4	UHRF2
Q96PU8	QKI
Q96PZ2	FAM111A
Q96Q05	TRAPPC9
Q96Q11	TRNT1
Q96Q15	SMG1
Q96QC0	PPP1R10
Q96QD9	FYTTD1
Q96QE2	SLC2A13
Q96QG7	MTMR9
Q96QH2	PRAM1
Q96QK1	VPS35
Q96QR8	PURB
Q96QS1	TSPAN32
Q96QT4	TRPM7
Q96QU8	XPO6
Q96RF0	SNX18
Q96RG2	PASK
Q96RI0	F2RL3
Q96RL1	UIMC1
Q96RL7	VPS13A
Q96RN5	MED15
Q96RP9	GFM1
Q96RQ3	MCCC1
Q96RS6	NUDCD1
Q96RT1	ERBIN
Q96RU3	FNBP1
Q96S15	WDR24
Q96S19	METTL26
Q96S44	TP53RK
Q96S55	WRNIP1
Q96S97	MYADM
Q96S99	PLEKHF1
Q96SB8	SMC6
Q96SI9	STRBP
Q96SK2	TMEM209
Q96ST3	SIN3A
Q96SU4	OSBPL9
Q96SW2	CRBN
Q96SZ5	ADO
Q96T23	RSF1
Q96T37	RBM15
Q96T51	RUFY1
Q96T58	SPEN
Q96T60	PNKP
Q96T76	MMS19
Q96TA1	NIBAN2
Q96TC7	RMDN3
Q99426	TBCB
Q99436	PSMB7
Q99442	SEC62
Q99447	PCYT2
Q99459	CDC5L
Q99470	SDF2
Q99471	PFDN5
Q99487	PAFAH2
Q99497	PARK7
Q99523	SORT1
Q99536	VAT1
Q99538	LGMN
Q99543	DNAJC2
Q99547	MPHOSPH6
Q99550	MPHOSPH9
Q99567	NUP88
Q99570	PIK3R4
Q99571	P2RX4
Q99575	POP1
Q99576	TSC22D3
Q99590	SCAF11
Q99598	TSNAX
Q99614	TTC1
Q99615	DNAJC7
Q99623	PHB2
Q99627	COPS8
Q99643	SDHC
Q99653	CHP1
Q99674	CGREF1
Q99683	MAP3K5
Q99698	LYST
Q99700	ATXN2
Q99704	DOK1
Q99714	HSD17B10
Q99720	SIGMAR1
Q99729	HNRNPAB
Q99733	NAP1L4
Q99735	MGST2
Q99747	NAPG
Q99816	TSG101
Q99832	CCT7
Q99856	ARID3A
Q99943	AGPAT1
Q99952	PTPN18
Q99959	PKP2
Q99961	SH3GL1
Q99969	RARRES2
Q99986	VRK1
Q9BPU6	DPYSL5
Q9BPW8	NIPSNAP1
Q9BPX5	ARPC5L
Q9BPX7	C7orf25
Q9BPY8	HOPX
Q9BQ61	TRIR
Q9BQA1	WDR77
Q9BQA9	CYBC1
Q9BQC3	DPH2
Q9BQG0	MYBBP1A
Q9BQG2	NUDT12
Q9BQS8	FYCO1
Q9BR76	CORO1B
Q9BRA2	TXNDC17
Q9BRD0	BUD13
Q9BRF8	CPPED1
Q9BRG1	VPS25
Q9BRP1	PDCD2L
Q9BRP4	PAAF1
Q9BRP8	PYM1
Q9BRR6	ADPGK
Q9BRU9	UTP23
Q9BRV8	SIKE1
Q9BRX2	PELO
Q9BRZ2	TRIM56
Q9BS26	ERP44
Q9BSC4	NOL10
Q9BSF4	TIMM29
Q9BSH4	TACO1
Q9BSJ2	TUBGCP2
Q9BSJ8	ESYT1
Q9BSU1	PHAF1
Q9BSY4	CHCHD5
Q9BT09	CNPY3
Q9BT22	ALG1
Q9BT23	LIMD2
Q9BT25	HAUS8
Q9BT40	INPP5K
Q9BT78	COPS4
Q9BTC0	DIDO1
Q9BTD8	RBM42
Q9BTE1	DCTN5
Q9BTE3	MCMBP
Q9BTF0	THUMPD2
Q9BTK6	PAGR1
Q9BTL3	RAMAC
Q9BTT0	ANP32E
Q9BTU6	PI4K2A
Q9BTV4	TMEM43
Q9BTY2	FUCA2
Q9BTY7	HGH1
Q9BTZ2	DHRS4
Q9BU02	THTPA
Q9BUH6	PAXX
Q9BUJ2	HNRNPUL1
Q9BUL8	PDCD10
Q9BUP3	HTATIP2
Q9BUQ8	DDX23
Q9BUR5	APOO
Q9BV20	MRI1
Q9BV38	WDR18
Q9BV40	VAMP8
Q9BV68	RNF126
Q9BV79	MECR
Q9BV81	EMC6
Q9BV86	NTMT1
Q9BVC5	C2orf49
Q9BVC6	TMEM109
Q9BVG4	PBDC1
Q9BVJ6	UTP14A
Q9BVJ7	DUSP23
Q9BVK6	TMED9
Q9BVL2	NUP58
Q9BVM4	GGACT
Q9BVT8	TMUB1
Q9BVV7	TIMM21
Q9BW04	SARG
Q9BW27	NUP85
Q9BW83	IFT27
Q9BW92	TARS2
Q9BWD1	ACAT2
Q9BWF3	RBM4
Q9BWH2	FUNDC2
Q9BWH6	RPAP1
Q9BWJ5	SF3B5
Q9BWM7	SFXN3
Q9BWP8	COLEC11
Q9BWS9	CHID1
Q9BWU0	SLC4A1AP
Q9BWU1	CDK19
Q9BWW4	SSBP3
Q9BX10	GTPBP2
Q9BX59	TAPBPL
Q9BX67	JAM3
Q9BX68	HINT2
Q9BXB4	OSBPL11
Q9BXH1	BBC3
Q9BXI6	TBC1D10A
Q9BXJ9	NAA15
Q9BXP5	SRRT
Q9BXR0	QTRT1
Q9BXS5	AP1M1
Q9BXV9	GON7
Q9BXW7	HDHD5
Q9BY11	PACSIN1
Q9BY32	ITPA
Q9BY44	EIF2A
Q9BYC5	FUT8
Q9BYD1	MRPL13
Q9BYD2	MRPL9
Q9BYI3	HYCC1
Q9BYM8	RBCK1
Q9BYN8	MRPS26
Q9BYV8	CEP41
Q9BYX2	TBC1D2
Q9BZ72	PITPNM2
Q9BZE4	GTPBP4
Q9BZE9	ASPSCR1
Q9BZF1	OSBPL8
Q9BZF9	UACA
Q9BZH6	WDR11
Q9BZI1	IRX2
Q9BZI7	UPF3B
Q9BZK7	TBL1XR1
Q9BZL1	UBL5
Q9BZL4	PPP1R12C
Q9BZQ8	NIBAN1
Q9BZV1	UBXN6
Q9BZZ5	API5
Q9C005	DPY30
Q9C035	TRIM5
Q9C0B0	UNK
Q9C0C9	UBE2O
Q9C0D4	ZNF518B
Q9C0E8	LNPK
Q9C0H2	TTYH3
Q9C0I1	MTMR12
Q9C0J8	WDR33
Q9GIY3	HLA-DRB1
Q9GZL7	WDR12
Q9GZP0	PDGFD
Q9GZP4	PITHD1
Q9GZP8	IMUP
Q9GZR7	DDX24
Q9GZS1	POLR1E
Q9GZT8	NIF3L1
Q9GZU7	CTDSP1
Q9GZZ1	NAA50
Q9GZZ9	UBA5
Q9H008	LHPP
Q9H019	MTFR1L
Q9H061	TMEM126A
Q9H074	PAIP1
Q9H078	CLPB
Q9H089	LSG1
Q9H098	FAM107B
Q9H0A0	NAT10
Q9H0C8	ILKAP
Q9H0D6	XRN2
Q9H0E2	TOLLIP
Q9H0E9	BRD8
Q9H0F6	SHARPIN
Q9H0F7	ARL6
Q9H0J9	PARP12
Q9H0N5	PCBD2
Q9H0P0	NT5C3A
Q9H0R4	HDHD2
Q9H0U4	RAB1B
Q9H0U6	MRPL18
Q9H0W9	C11orf54
Q9H0Z9	RBM38
Q9H171	ZBP1
Q9H1B7	IRF2BPL
Q9H1E3	NUCKS1
Q9H1E5	TMX4
Q9H1I8	ASCC2
Q9H1J1	UPF3A
Q9H1K1	ISCU
Q9H1P3	OSBPL2
Q9H223	EHD4
Q9H257	CARD9
Q9H267	VPS33B
Q9H269	VPS16
Q9H299	SH3BGRL3
Q9H2D6	TRIOBP
Q9H2G2	SLK
Q9H2J4	PDCL3
Q9H2K0	MTIF3
Q9H2K8	TAOK3
Q9H2M9	RAB3GAP2
Q9H2P0	ADNP
Q9H2P9	DPH5
Q9H2U1	DHX36
Q9H2U2	PPA2
Q9H2W6	MRPL46
Q9H2X9	SLC12A5
Q9H305	CDIP1
Q9H307	PNN
Q9H330	TMEM245
Q9H3G5	CPVL
Q9H3H3	C11orf68
Q9H3N1	TMX1
Q9H3P7	ACBD3
Q9H3S1	SEMA4A
Q9H3S4	TPK1
Q9H3S7	PTPN23
Q9H3U1	UNC45A
Q9H3U5	MFSD1
Q9H400	LIME1
Q9H425	C1orf198
Q9H444	CHMP4B
Q9H446	RWDD1
Q9H477	RBKS
Q9H479	FN3K
Q9H4A3	WNK1
Q9H4A4	RNPEP
Q9H4A6	GOLPH3
Q9H4A9	DPEP2
Q9H4B7	TUBB1
Q9H4E7	DEF6
Q9H4G4	GLIPR2
Q9H4L5	OSBPL3
Q9H4M9	EHD1
Q9H4X1	RGCC
Q9H553	ALG2
Q9H5N1	RABEP2
Q9H5X1	CIAO2A
Q9H6F5	CCDC86
Q9H6K4	OPA3
Q9H6Q3	SLA2
Q9H6Q4	CIAO3
Q9H6R4	NOL6
Q9H6S0	YTHDC2
Q9H6T3	RPAP3
Q9H6Y2	WDR55
Q9H6Z4	RANBP3
Q9H773	DCTPP1
Q9H7B2	RPF2
Q9H7B4	SMYD3
Q9H7D0	DOCK5
Q9H7D7	WDR26
Q9H7E9	C8orf33
Q9H7J1	PPP1R3E
Q9H7M9	VSIR
Q9H7N4	SCAF1
Q9H7P6	MVB12B
Q9H7Z6	KAT8
Q9H7Z7	PTGES2
Q9H814	PHAX
Q9H832	UBE2Z
Q9H840	GEMIN7
Q9H845	ACAD9
Q9H875	PRKRIP1
Q9H8E8	KAT14
Q9H8M2	BRD9
Q9H8M5	CNNM2
Q9H8W4	PLEKHF2
Q9H8W5	TRIM45
Q9H8Y8	GORASP2
Q9H910	JPT2
Q9H930	SP140L
Q9H936	SLC25A22
Q9H939	PSTPIP2
Q9H993	ARMT1
Q9H9A6	LRRC40
Q9H9B4	SFXN1
Q9H9F9	ACTR5
Q9H9H4	VPS37B
Q9H9J2	MRPL44
Q9H9Q2	COPS7B
Q9H9Q4	NHEJ1
Q9H9T3	ELP3
Q9H9Y6	POLR1B
Q9HA64	FN3KRP
Q9HA65	TBC1D17
Q9HA77	CARS2
Q9HAB8	PPCS
Q9HAF1	MEAF6
Q9HAT2	SIAE
Q9HAT8	PELI2
Q9HAU5	UPF2
Q9HAV0	GNB4
Q9HAV4	XPO5
Q9HAV7	GRPEL1
Q9HB07	MYG1
Q9HB40	SCPEP1
Q9HB58	SP110
Q9HB71	CACYBP
Q9HBH0	RHOF
Q9HBH5	RDH14
Q9HBI0	PARVG
Q9HBI1	PARVB
Q9HBL0	TNS1
Q9HBL7	PLGRKT
Q9HBR0	SLC38A10
Q9HC16	APOBEC3G
Q9HC35	EML4
Q9HC52	CBX8
Q9HC57	WFDC1
Q9HCC0	MCCC2
Q9HCD5	NCOA5
Q9HCE1	MOV10
Q9HCG7	GBA2
Q9HCM2	PLXNA4
Q9HCN4	GPN1
Q9HCN6	GP6
Q9HCN8	SDF2L1
Q9HCS7	XAB2
Q9HCU5	PREB
Q9HD15	SRA1
Q9HD20	ATP13A1
Q9HD26	GOPC
Q9HD33	MRPL47
Q9HD40	SEPSECS
Q9HD42	CHMP1A
Q9HD45	TM9SF3
Q9HD89	RETN
Q9HDC9	APMAP
Q9NNW7	TXNRD2
Q9NP58	ABCB6
Q9NP61	ARFGAP3
Q9NP66	HMG20A
Q9NP72	RAB18
Q9NP79	VTA1
Q9NPB8	GPCPD1
Q9NPF4	OSGEP
Q9NPH2	ISYNA1
Q9NPH3	IL1RAP
Q9NPJ3	ACOT13
Q9NPP4	NLRC4
Q9NPQ8	RIC8A
Q9NQ50	MRPL40
Q9NQ55	PPAN
Q9NQ75	CASS4
Q9NQC3	RTN4
Q9NQC7	CYLD
Q9NQE9	HINT3
Q9NQG5	RPRD1B
Q9NQL2	RRAGD
Q9NQR4	NIT2
Q9NQS1	AVEN
Q9NQT4	EXOSC5
Q9NQT8	KIF13B
Q9NQW7	XPNPEP1
Q9NQZ5	STARD7
Q9NR09	BIRC6
Q9NR12	PDLIM7
Q9NR19	ACSS2
Q9NR28	DIABLO
Q9NR30	DDX21
Q9NR31	SAR1A
Q9NR45	NANS
Q9NR50	EIF2B3
Q9NRA1	PDGFC
Q9NRA2	SLC17A5
Q9NRA8	EIF4ENIF1
Q9NRC8	SIRT7
Q9NRD1	FBXO6
Q9NRD8	DUOX2
Q9NRF8	CTPS2
Q9NRG1	PRTFDC1
Q9NRK6	ABCB10
Q9NRL2	BAZ1A
Q9NRL3	STRN4
Q9NRN7	AASDHPPT
Q9NRP0	OSTC
Q9NRQ5	SMCO4
Q9NRR5	UBQLN4
Q9NRV9	HEBP1
Q9NRW1	RAB6B
Q9NRW4	DUSP22
Q9NRW7	VPS45
Q9NRX1	PNO1
Q9NRX2	MRPL17
Q9NRX4	PHPT1
Q9NRX5	SERINC1
Q9NRY5	FAM114A2
Q9NRY6	PLSCR3
Q9NS23	RASSF1
Q9NS28	RGS18
Q9NS69	TOMM22
Q9NS93	TM7SF3
Q9NSC5	HOMER3
Q9NSD9	FARSB
Q9NSE4	IARS2
Q9NSK0	KLC4
Q9NSK7	C19orf12
Q9NSU2	TREX1
Q9NT62	ATG3
Q9NTI5	PDS5B
Q9NTJ4	MAN2C1
Q9NTJ5	SACM1L
Q9NTM9	CUTC
Q9NTX5	ECHDC1
Q9NTZ6	RBM12
Q9NU22	MDN1
Q9NU23	LYRM2
Q9NUB1	ACSS1
Q9NUD5	ZCCHC3
Q9NUJ1	ABHD10
Q9NUL5	SHFL
Q9NUP1	BLOC1S4
Q9NUQ8	ABCF3
Q9NUQ9	CYRIB
Q9NUY8	TBC1D23
Q9NV70	EXOC1
Q9NV96	TMEM30A
Q9NVC6	MED17
Q9NVE7	PANK4
Q9NVG8	TBC1D13
Q9NVH1	DNAJC11
Q9NVH2	INTS7
Q9NVI7	ATAD3A
Q9NVJ2	ARL8B
Q9NVK5	FGFR1OP2
Q9NVP1	DDX18
Q9NVS9	PNPO
Q9NVT9	ARMC1
Q9NVV5	AIG1
Q9NVX2	NLE1
Q9NVZ3	NECAP2
Q9NW64	RBM22
Q9NW68	BSDC1
Q9NW82	WDR70
Q9NWB6	ARGLU1
Q9NWH9	SLTM
Q9NWS0	PIH1D1
Q9NWT6	HIF1AN
Q9NWU2	GID8
Q9NWV4	CZIB
Q9NWV8	BABAM1
Q9NWZ3	IRAK4
Q9NWZ5	UCKL1
Q9NX00	TMEM160
Q9NX08	COMMD8
Q9NX14	NDUFB11
Q9NX24	NHP2
Q9NX40	OCIAD1
Q9NX46	ADPRS
Q9NX55	HYPK
Q9NX58	LYAR
Q9NX62	BPNT2
Q9NX76	CMTM6
Q9NXA8	SIRT5
Q9NXE8	CWC25
Q9NXG2	THUMPD1
Q9NXH8	TOR4A
Q9NXH9	TRMT1
Q9NXL6	SIDT1
Q9NXR1	NDE1
Q9NXR7	BABAM2
Q9NXV6	CDKN2AIP
Q9NXW2	DNAJB12
Q9NY12	GAR1
Q9NY15	STAB1
Q9NY27	PPP4R2
Q9NY93	DDX56
Q9NY97	B3GNT2
Q9NYB0	TERF2IP
Q9NYF8	BCLAF1
Q9NYJ1	COA4
Q9NYJ8	TAB2
Q9NYL4	FKBP11
Q9NYL9	TMOD3
Q9NYU2	UGGT1
Q9NZ01	TECR
Q9NZ08	ERAP1
Q9NZ32	ACTR10
Q9NZ45	CISD1
Q9NZ52	GGA3
Q9NZ63	C9orf78
Q9NZB2	FAM120A
Q9NZD2	GLTP
Q9NZD4	AHSP
Q9NZK5	ADA2
Q9NZL4	HSPBP1
Q9NZL9	MAT2B
Q9NZM1	MYOF
Q9NZM3	ITSN2
Q9NZN3	EHD3
Q9NZN5	ARHGEF12
Q9NZN8	CNOT2
Q9NZQ3	NCKIPSD
Q9NZR1	TMOD2
Q9NZT2	OGFR
Q9NZV6	MSRB1
Q9NZZ3	CHMP5
Q9P000	COMMD9
Q9P013	CWC15
Q9P016	THYN1
Q9P021	CRIPT
Q9P031	CCDC59
Q9P032	NDUFAF4
Q9P0J1	PDP1
Q9P0J7	KCMF1
Q9P0L0	VAPA
Q9P0M9	MRPL27
Q9P0R6	GSKIP
Q9P107	GMIP
Q9P126	CLEC1B
Q9P1F3	ABRACL
Q9P1W8	SIRPG
Q9P1Y6	PHRF1
Q9P1Z2	CALCOCO1
Q9P219	CCDC88C
Q9P253	VPS18
Q9P258	RCC2
Q9P260	RELCH
Q9P265	DIP2B
Q9P270	SLAIN2
Q9P2A4	ABI3
Q9P2D3	HEATR5B
Q9P2E5	CHPF2
Q9P2E9	RRBP1
Q9P2J5	LARS1
Q9P2K3	RCOR3
Q9P2N5	RBM27
Q9P2N6	KANSL3
Q9P2P6	STARD9
Q9P2R3	ANKFY1
Q9P2R7	SUCLA2
Q9P2X0	DPM3
Q9P2Y5	UVRAG
Q9UBB4	ATXN10
Q9UBB5	MBD2
Q9UBC2	EPS15L1
Q9UBE0	SAE1
Q9UBF2	COPG2
Q9UBF6	RNF7
Q9UBG7	RBPJL
Q9UBL3	ASH2L
Q9UBN7	HDAC6
Q9UBP0	SPAST
Q9UBQ5	EIF3K
Q9UBQ7	GRHPR
Q9UBR2	CTSZ
Q9UBS0	RPS6KB2
Q9UBS4	DNAJB11
Q9UBT2	UBA2
Q9UBU9	NXF1
Q9UBV2	SEL1L
Q9UBV8	PEF1
Q9UBW8	COPS7A
Q9UBX7	KLK11
Q9UDT6	CLIP2
Q9UDY4	DNAJB4
Q9UER7	DAXX
Q9UEU0	VTI1B
Q9UEW8	STK39
Q9UEY8	ADD3
Q9UFN0	NIPSNAP3A
Q9UFW8	CGGBP1
Q9UG01	IFT172
Q9UG22	GIMAP2
Q9UG63	ABCF2
Q9UGI8	TES
Q9UGM5	FETUB
Q9UGP4	LIMD1
Q9UGP8	SEC63
Q9UGR2	ZC3H7B
Q9UGU0	TCF20
Q9UH17	APOBEC3B
Q9UH62	ARMCX3
Q9UH65	SWAP70
Q9UH99	SUN2
Q9UHA4	LAMTOR3
Q9UHB4	NDOR1
Q9UHB6	LIMA1
Q9UHB7	AFF4
Q9UHB9	SRP68
Q9UHC1	MLH3
Q9UHC6	CNTNAP2
Q9UHD1	CHORDC1
Q9UHD2	TBK1
Q9UHD8	SEPTIN9
Q9UHD9	UBQLN2
Q9UHG3	PCYOX1
Q9UHL4	DPP7
Q9UHQ4	BCAP29
Q9UHQ9	CYB5R1
Q9UHV9	PFDN2
Q9UHX1	PUF60
Q9UHY1	NRBP1
Q9UHY7	ENOPH1
Q9UI08	EVL
Q9UI09	NDUFA12
Q9UI12	ATP6V1H
Q9UI15	TAGLN3
Q9UI30	TRMT112
Q9UIA0	CYTH4
Q9UIB8	CD84
Q9UIC8	LCMT1
Q9UID3	VPS51
Q9UIG0	BAZ1B
Q9UII2	ATP5IF1
Q9UIJ7	AK3
Q9UIM3	FKBPL
Q9UIQ6	LNPEP
Q9UIS9	MBD1
Q9UJ41	RABGEF1
Q9UJ68	MSRA
Q9UJ70	NAGK
Q9UJC5	SH3BGRL2
Q9UJS0	SLC25A13
Q9UJU2	LEF1
Q9UJU6	DBNL
Q9UJW0	DCTN4
Q9UJX3	ANAPC7
Q9UJX4	ANAPC5
Q9UJY4	GGA2
Q9UJZ1	STOML2
Q9UK41	VPS28
Q9UK45	LSM7
Q9UK59	DBR1
Q9UK61	TASOR
Q9UK76	JPT1
Q9UK99	FBXO3
Q9UKD2	MRTO4
Q9UKE5	TNIK
Q9UKF6	CPSF3
Q9UKG1	APPL1
Q9UKJ3	GPATCH8
Q9UKK3	PARP4
Q9UKM9	RALY
Q9UKT4	FBXO5
Q9UKT5	FBXO4
Q9UKT9	IKZF3
Q9UKU7	ACAD8
Q9UKV3	ACIN1
Q9UKV8	AGO2
Q9UKW4	VAV3
Q9UKX2	MYH2
Q9UKX7	NUP50
Q9UKY7	CDV3
Q9UL03	INTS6
Q9UL15	BAG5
Q9UL17	TBX21
Q9UL25	RAB21
Q9UL26	RAB22A
Q9ULC4	MCTS1
Q9ULC5	ACSL5
Q9ULH0	KIDINS220
Q9ULH1	ASAP1
Q9ULJ7	ANKRD50
Q9ULL4	PLXNB3
Q9ULQ0	STRIP2
Q9ULU4	ZMYND8
Q9ULV4	CORO1C
Q9ULZ3	PYCARD
Q9UM07	PADI4
Q9UM22	EPDR1
Q9UMS0	NFU1
Q9UMS4	PRPF19
Q9UMX0	UBQLN1
Q9UMX5	NENF
Q9UMZ2	SYNRG
Q9UN19	DAPP1
Q9UN36	NDRG2
Q9UN37	VPS4A
Q9UN86	G3BP2
Q9UNE7	STUB1
Q9UNF0	PACSIN2
Q9UNF1	MAGED2
Q9UNK0	STX8
Q9UNL2	SSR3
Q9UNM6	PSMD13
Q9UNN5	FAF1
Q9UNP9	PPIE
Q9UNQ2	DIMT1
Q9UNS2	COPS3
Q9UNW9	NOVA2
Q9UNZ2	NSFL1C
Q9UNZ5	C19orf53
Q9UP83	COG5
Q9UPM8	AP4E1
Q9UPN3	MACF1
Q9UPN4	CEP131
Q9UPN7	PPP6R1
Q9UPQ9	TNRC6B
Q9UPT8	ZC3H4
Q9UPU5	USP24
Q9UPV0	CEP164
Q9UPY3	DICER1
Q9UPY8	MAPRE3
Q9UPZ9	CILK1
Q9UQ13	SHOC2
Q9UQ16	DNM3
Q9UQ35	SRRM2
Q9UQ80	PA2G4
Q9UQE7	SMC3
Q9UQN3	CHMP2B
Q9Y210	TRPC6
Q9Y224	RTRAF
Q9Y228	TRAF3IP3
Q9Y230	RUVBL2
Q9Y232	CDYL
Q9Y237	PIN4
Q9Y240	CLEC11A
Q9Y251	HPSE
Q9Y259	CHKB
Q9Y263	PLAA
Q9Y265	RUVBL1
Q9Y266	NUDC
Q9Y277	VDAC3
Q9Y281	CFL2
Q9Y294	ASF1A
Q9Y295	DRG1
Q9Y2A7	NCKAP1
Q9Y2D5	PALM2AKAP2
Q9Y2G8	DNAJC16
Q9Y2H0	DLGAP4
Q9Y2H1	STK38L
Q9Y2I8	WDR37
Q9Y2J2	EPB41L3
Q9Y2L1	DIS3
Q9Y2L5	TRAPPC8
Q9Y2L6	FRMD4B
Q9Y2L9	LRCH1
Q9Y2P8	RCL1
Q9Y2Q0	ATP8A1
Q9Y2Q3	GSTK1
Q9Y2Q5	LAMTOR2
Q9Y2Q9	MRPS28
Q9Y2R0	COA3
Q9Y2S2	CRYL1
Q9Y2S6	TMA7
Q9Y2T2	AP3M1
Q9Y2U5	MAP3K2
Q9Y2U8	LEMD3
Q9Y2V2	CARHSP1
Q9Y2V7	COG6
Q9Y2W1	THRAP3
Q9Y2W2	WBP11
Q9Y2X0	MED16
Q9Y2X3	NOP58
Q9Y2X7	GIT1
Q9Y2Y0	ARL2BP
Q9Y2Z0	SUGT1
Q9Y2Z4	YARS2
Q9Y303	AMDHD2
Q9Y305	ACOT9
Q9Y315	DERA
Q9Y324	FCF1
Q9Y333	LSM2
Q9Y336	SIGLEC9
Q9Y371	SH3GLB1
Q9Y376	CAB39
Q9Y383	LUC7L2
Q9Y385	UBE2J1
Q9Y394	DHRS7
Q9Y3A4	RRP7A
Q9Y3A6	TMED5
Q9Y3B3	TMED7
Q9Y3B4	SF3B6
Q9Y3B7	MRPL11
Q9Y3B8	REXO2
Q9Y3C4	TPRKB
Q9Y3C5	RNF11
Q9Y3C6	PPIL1
Q9Y3C8	UFC1
Q9Y3D2	MSRB2
Q9Y3D6	FIS1
Q9Y3E0	GOLT1B
Q9Y3E7	CHMP3
Q9Y3F4	STRAP
Q9Y3I0	RTCB
Q9Y3I1	FBXO7
Q9Y3L3	SH3BP1
Q9Y3L5	RAP2C
Q9Y3P9	RABGAP1
Q9Y3Q8	TSC22D4
Q9Y3T9	NOC2L
Q9Y3U8	RPL36
Q9Y3X0	CCDC9
Q9Y3Y2	CHTOP
Q9Y3Z3	SAMHD1
Q9Y450	HBS1L
Q9Y487	ATP6V0A2
Q9Y490	TLN1
Q9Y4A5	TRRAP
Q9Y4A8	NFE2L3
Q9Y4D1	DAAM1
Q9Y4E6	WDR7
Q9Y4E8	USP15
Q9Y4F3	MARF1
Q9Y4F9	RIPOR2
Q9Y4G6	TLN2
Q9Y4G8	RAPGEF2
Q9Y4H2	IRS2
Q9Y4H4	GPSM3
Q9Y4K3	TRAF6
Q9Y4L1	HYOU1
Q9Y4P3	TBL2
Q9Y4W2	LAS1L
Q9Y4W6	AFG3L2
Q9Y4X5	ARIH1
Q9Y508	RNF114
Q9Y512	SAMM50
Q9Y520	PRRC2C
Q9Y530	OARD1
Q9Y570	PPME1
Q9Y572	RIPK3
Q9Y5A9	YTHDF2
Q9Y5B0	CTDP1
Q9Y5B9	SUPT16H
Q9Y5E7	PCDHB2
Q9Y5J6	TIMM10B
Q9Y5J7	TIMM9
Q9Y5K6	CD2AP
Q9Y5K8	ATP6V1D
Q9Y5L4	TIMM13
Q9Y5M8	SRPRB
Q9Y5P6	GMPPB
Q9Y5Q8	GTF3C5
Q9Y5S1	TRPV2
Q9Y5S2	CDC42BPB
Q9Y5S9	RBM8A
Q9Y5U2	TSSC4
Q9Y5U9	IER3IP1
Q9Y5X1	SNX9
Q9Y5X2	SNX8
Q9Y5X3	SNX5
Q9Y5Y2	NUBP2
Q9Y5Y5	PEX16
Q9Y5Z4	HEBP2
Q9Y5Z7	HCFC2
Q9Y606	PUS1
Q9Y608	LRRFIP2
Q9Y613	FHOD1
Q9Y618	NCOR2
Q9Y623	MYH4
Q9Y624	F11R
Q9Y678	COPG1
Q9Y679	AUP1
Q9Y696	CLIC4
Q9Y6A4	CFAP20
Q9Y6A5	TACC3
Q9Y6B6	SAR1B
Q9Y6B7	AP4B1
Q9Y6C9	MTCH2
Q9Y6D5	ARFGEF2
Q9Y6D6	ARFGEF1
Q9Y6D9	MAD1L1
Q9Y6E0	STK24
Q9Y6E2	BZW2
Q9Y6F6	IRAG1
Q9Y6G9	DYNC1LI1
Q9Y6I3	EPN1
Q9Y6I9	TEX264
Q9Y6K5	OAS3
Q9Y6K9	IKBKG
Q9Y6N5	SQOR
Q9Y6N8	CDH10
Q9Y6W5	WASF2
Q9Y6X4	FAM169A
Q9Y6X5	ENPP4
Q9Y6Y8	SEC23IP
R4GMU1	H6PD
R4GMX3	COMMD3-BMI1
R4GMX8	RANBP10
R4GN18	CD46
R4GN35	DENND4C
S4R3M1	DUSP22
S4R3N1	HSPE1-MOB4
S4R435	RPS10-NUDT3
U3KPS2	PRTN3
U3KQ56	GRHPR
U3KQB3	CSNK1G1
U3KQE2	CAPNS1
V9GYM3	APOA2
V9GYM8	ARHGEF2
V9GYS0	TIMM17B
V9GZ56	LSM4
X5CMH5	TAP2
X6R3L3	MOB3C
X6R3N0	SLC27A3
X6R4W8	ZNF207
X6R8A1	CTSA
X6R8F3	LCN2
X6RAL5	SAP18
X6RLX0	ERC1
